artista,total_musicas,popularidade_media
Bad Bunny,22,85.4
Eminem,6,81.2
Ariana Grande,9,80.8
Mitski,6,78.3
Clairo,6,76.3
Maluma,8,75.3
Travis Scott,15,74.9
Frank Ocean,17,74.7
Labrinth,7,74.6
The Neighbourhood,25,73.9
Limp Bizkit,6,73.8
Radiohead,11,73.5
George Ezra,8,73.4
aespa,7,73.1
Stray Kids,22,73.1
System Of A Down,12,72.8
TWICE,17,72.5
Bob Marley & The Wailers,8,72.3
ITZY,7,72.1
blackbear,8,71.6
SEVENTEEN,14,71.4
Eagles,8,71.3
2Pac,8,70.9
MARINA,6,70.8
Halsey,16,70.6
TOMORROW X TOGETHER,13,70.5
Red Velvet,6,69.8
BLACKPINK,40,69.8
The 1975,23,69.6
Aerosmith,15,69.4
j-hope,10,69.2
Lil Tjay,13,69.0
Van Halen,10,68.3
Lil Peep;Lil Tracy,7,68.3
AC/DC,28,68.1
Tom Odell,10,68.1
Ozzy Osbourne,7,68.0
BTS,143,67.9
Amy Winehouse,16,67.7
Darshan Raval,8,67.4
Sufjan Stevens,8,67.3
Journey,9,67.3
Metallica,27,67.2
Greta Van Fleet,6,67.2
Tai Verdes,8,67.0
Sabaton,6,66.5
Led Zeppelin,23,66.3
Clinton Kane,9,66.2
Lil Peep,31,66.1
Tom Walker,6,66.0
Sum 41,9,65.8
Bea Miller,6,65.8
TOOL,8,65.6
Anirudh Ravichander;Jonita Gandhi,6,65.5
Sainte,6,65.5
Incubus,7,65.4
"Earth, Wind & Fire",6,65.3
John Mayer,31,65.2
Ozuna,13,65.2
Adele,49,65.1
Cage The Elephant,14,65.1
Alphaville,6,65.0
Tegi Pannu;Manni Sandhu,6,65.0
mehro,6,64.8
Alan Walker,11,64.8
Pritam;Arijit Singh;Amitabh Bhattacharya,9,64.6
Def Leppard,10,64.6
Sara Bareilles,7,64.6
Kenshi Yonezu,12,64.5
Guns N' Roses,24,64.3
Vaundy,9,64.2
Foo Fighters,23,64.2
Falling In Reverse,14,64.1
Anuv Jain,10,64.1
Sade,11,64.1
YOASOBI,30,63.9
Judas Priest,6,63.7
Three Days Grace,28,63.7
Electric Callboy,9,63.3
Elton John,32,63.2
DMX,8,63.1
Lauv,17,63.1
Eric Clapton,7,63.1
Anirudh Ravichander,26,63.0
Iron Maiden,16,63.0
Leona Lewis,6,63.0
Karan Aujla,9,62.9
Doja Cat,8,62.9
Armaan Malik,8,62.8
Cigarettes After Sex,35,62.8
The Fray,10,62.7
Sidhu Moose Wala;Sunny Malton,7,62.7
The White Stripes,10,62.7
Sidhu Moose Wala,39,62.6
ENHYPEN,39,62.6
Hozier,19,62.5
KK,11,62.5
Atif Aslam,11,62.5
Yusuf / Cat Stevens,11,62.5
Jimi Hendrix,15,62.5
XXXTENTACION,67,62.4
Hollow Coves,9,62.3
Becky G,6,62.3
Huma,6,62.2
Yo Yo Honey Singh,11,62.2
The Who,10,62.2
DIVINE,7,62.0
Rammstein,75,62.0
Papithbk,8,61.9
Diljit Dosanjh,16,61.9
Wham!,10,61.9
Mohit Chauhan,6,61.8
King,19,61.8
XXXTENTACION;Ski Mask The Slump God,6,61.8
Zack Tabudlo,16,61.8
Nas,16,61.7
Fito y Fitipaldis,8,61.5
MC STAN,10,61.5
The Score,22,61.5
Nirvana,63,61.5
Jeet Gannguli;Arijit Singh,8,61.4
Motionless In White,16,61.4
Passenger,7,61.4
Craig David,6,61.3
347aidan,9,61.2
JEON SOMI,6,61.2
Jordan Sandhu,6,61.2
The Strokes,43,61.2
The Smiths,13,61.1
Joe Hisaishi,8,61.0
Mustafa Zahid,6,60.8
The Cure,7,60.6
A.R. Rahman,7,60.6
6ix9ine,10,60.6
Zara Larsson,17,60.6
Connor Price,8,60.5
I Prevail,31,60.5
MC 張天賦,6,60.5
Bring Me The Horizon,46,60.4
Harold Faltermeyer;Lady Gaga;Hans Zimmer;Lorne Balfe,8,60.3
The Beatles,149,60.3
Tom Rosenthal,9,60.3
Arijit Singh,42,60.2
Brando,6,60.2
Paloma Faith,6,60.2
yama,7,60.0
Devin Kennedy,6,60.0
Kumar Sanu;Alka Yagnik,8,59.8
Bad Omens,18,59.7
Stone Sour,6,59.7
thuy,9,59.6
Maximillian,6,59.5
Ben Howard,13,59.5
Darci,7,59.4
Arden Jones,9,59.4
Emiway Bantai,6,59.3
Nick Drake,9,59.3
Natos y Waor,10,59.2
Mokita,12,59.2
Alice In Chains,21,59.2
Parkway Drive,13,59.1
M83,10,59.1
Melendi,9,59.0
Pritam;Arijit Singh,43,59.0
Jefferson Airplane,6,59.0
Pearl Jam,28,59.0
Shankar Mahadevan,7,58.9
Raimu,12,58.9
Mild High Club,6,58.8
Dani Fernández,6,58.7
iamjakehill,16,58.7
The Jacksons,6,58.7
Paul Young,6,58.7
Yxngxr1,7,58.7
Linked Horizon,9,58.7
Ankit Tiwari,8,58.6
keshi,36,58.6
Leiva,6,58.5
PLÜM,11,58.5
The Blaze,11,58.5
Seafret,13,58.5
Anna Landström,6,58.3
IZAL,10,58.2
Ado,18,58.2
Aimer,15,58.1
Marconi Union,7,58.1
Karthik,6,58.0
Escape the Fate,7,58.0
ODESZA,6,58.0
LiSA,18,58.0
Yann Tiersen,9,58.0
Aaryan Shah,8,57.9
Rahat Fateh Ali Khan,7,57.9
MR TOUT LE MONDE,12,57.9
"Crosby, Stills, Nash & Young",6,57.8
Crumb,10,57.7
DaniSogen,6,57.7
Tina Turner,8,57.6
Tenno,12,57.6
Bobby Darin,10,57.5
The Cab,6,57.5
Eric Chou,19,57.4
Good Morning,8,57.3
flora cash,6,57.3
Fujii Kaze,22,57.2
Weston Estate,9,57.2
Kochetkovv,9,57.2
No Vacation,9,57.1
Khantrast,9,57.1
Firehouse,7,57.0
Seether,12,57.0
FLOW,7,57.0
Adam Jensen,10,57.0
高爾宣 OSN,7,56.9
Yugo Kanno,7,56.9
Aphex Twin,12,56.9
Ray LaMontagne,11,56.9
Pritam;Mohit Chauhan,9,56.8
Slipknot,25,56.8
The Everly Brothers,9,56.7
Billy Joel,36,56.7
Fiji Blue,15,56.7
Nickelback,29,56.7
Arctic Monkeys,110,56.6
MASN,10,56.6
Bethel Music;Jonathan David Helser;Melissa Helser,7,56.6
Sik World,6,56.5
Deftones,8,56.5
Shady Moon,7,56.4
dhruv,14,56.4
KANA-BOON,7,56.4
Avenged Sevenfold,23,56.4
Ben Rector,8,56.4
Vetusta Morla,6,56.3
Beast In Black,13,56.3
My Darkest Days,8,56.3
Five Finger Death Punch,45,56.3
shy martin,12,56.3
SHRK;Shiloh Dynasty,10,56.3
John Powell,7,56.3
Joshua Hyslop,7,56.3
Keenan Te,11,56.2
Green Day,23,56.2
JVKE,13,56.2
Brothers of Metal,9,56.2
Jamie xx,6,56.2
Otaku,11,56.2
Ludovico Einaudi,41,56.2
Andrew Belle,14,56.1
Cascada,7,56.0
"Crosby, Stills & Nash",6,56.0
Ramin Djawadi,16,55.8
The Minions,6,55.8
美波,6,55.8
Chris Cornell,10,55.8
Cory Asbury,11,55.7
Aries,18,55.7
Yuvan Shankar Raja;Sid Sriram,6,55.7
Currents,6,55.7
L'Impératrice,9,55.6
Enrique Iglesias,6,55.5
Sub Zero Project,10,55.5
demxntia,8,55.5
Badfinger,11,55.5
Estopa,14,55.4
Deep Chills,7,55.4
The Offspring,9,55.3
Killswitch Engage,9,55.2
Pritam;Arijit Singh;Antara Mitra,6,55.2
Eve,25,55.2
Creed,19,55.2
Pink Floyd,86,55.1
As I Lay Dying,7,55.0
Trivium,9,55.0
Prigida,6,55.0
BURNOUT SYNDROMES,8,54.9
Slayer,17,54.9
TCM,6,54.8
Breaking Benjamin,32,54.8
ReoNa,6,54.7
Ludovico Einaudi;Daniel Hope;I Virtuosi Italiani,6,54.7
Roo Panes,7,54.6
Novo Amor,35,54.6
Polaris,6,54.5
Banes World,6,54.5
Rilès,10,54.5
UVERworld,8,54.5
Our Last Night,17,54.4
Kasabian,9,54.4
Summer Salt,7,54.4
Ikimonogakari,8,54.4
Cavetown,7,54.3
The Notorious B.I.G.,26,54.3
Michael Kiwanuka,7,54.3
CHiCO with HoneyWorks,6,54.3
Parachute,9,54.2
sammy rash,10,54.1
Neil Sedaka,7,54.1
告五人,16,54.1
Audioslave,16,54.1
Roy Orbison,11,54.0
N.W.A.,9,54.0
Zaeden,10,54.0
The Bangles,9,54.0
Nils Frahm,8,54.0
Fireboy DML,15,53.9
Pantera,18,53.9
Kina Grannis,15,53.9
gavn!,8,53.8
The Doors,26,53.8
Ronghao Li,8,53.8
Tanya Chua,10,53.8
CASTLEBEAT,10,53.8
Novo Amor;Ed Tullett;Lowswimmer,8,53.8
Gorillaz,6,53.8
ssshhhiiittt!,7,53.7
A-Mei Chang,7,53.7
Koffee,12,53.7
Ólafur Arnalds,10,53.6
The Black Keys,15,53.6
Jubin Nautiyal,17,53.5
DJ Snake,8,53.5
Asking Alexandria,15,53.4
Matchbox Twenty,10,53.4
Blippi,8,53.4
Sleeping At Last,40,53.4
12 Stones,6,53.3
Marshmello,15,53.3
Hole,7,53.3
Hardwell,10,53.2
King Crimson,6,53.2
Billie Marten,11,53.2
Elvis Presley,105,53.1
Deep Purple,20,53.1
Josh Gad,6,53.0
The Plot In You,10,53.0
Gracie Abrams,9,53.0
Omah Lay,20,53.0
Dario Marianelli;Jean-Yves Thibaudet,6,53.0
Boyce Avenue,27,53.0
Pritam;KK,18,52.9
FACE,18,52.9
My Chemical Romance,32,52.8
Slaughter to Prevail,11,52.8
SPYAIR,8,52.8
Rarin,9,52.7
Swedish House Mafia;The Weeknd,7,52.7
JJ Lin,29,52.6
Fish Leong,10,52.6
Ritviz,19,52.6
Jacob David,7,52.6
John Adams,7,52.6
G.E.M.,42,52.5
Nicholas Hooper,6,52.5
Henrique & Juliano,72,52.3
Louyah,7,52.3
Josh A,12,52.3
Chromatics,7,52.3
Suicide Silence,6,52.3
Zachary Knowles,10,52.3
Cyndi Wang,10,52.2
Jay Chou,93,52.2
Mindless Self Indulgence,9,52.2
Swattrex,6,52.2
NICO Touches the Walls,6,52.2
Zayde Wølf,12,52.2
The Libertines,7,52.1
sadeyes,9,52.1
Leeland,7,52.1
Ever So Blue,10,52.0
Thirty Seconds To Mars,21,52.0
Terence Lam,14,52.0
Y.V.E. 48,12,51.9
for KING & COUNTRY,26,51.9
Murilo Huff,26,51.8
Yuvan Shankar Raja,32,51.8
Billy Idol,6,51.8
Videoclub,10,51.8
Paramore,22,51.8
Arch Enemy,15,51.8
Martin Garrix,10,51.8
Linkin Park,133,51.8
Bailey Jehl,6,51.8
Jolin Tsai,7,51.7
Mayday,15,51.7
Daughtry,22,51.7
Disney Peaceful Piano;Disney,6,51.7
Tep No,7,51.7
Lund,14,51.7
Super Simple Songs,36,51.7
A Rocket To The Moon,6,51.7
The Velvet Underground,9,51.7
Ricky Nelson,10,51.6
LUDMILLA,7,51.6
Bombay Jayashri,10,51.6
Ingrid Michaelson,8,51.6
Gen Hoshino,7,51.6
Jon Caryl,6,51.5
LaLa Hsu,8,51.4
Nora En Pure,15,51.4
Supertramp,8,51.3
Sodagreen,9,51.3
Jagjit Singh,12,51.3
Leo Sayer,6,51.3
Elliott Jacqués,6,51.3
Finding Hope,11,51.3
Peter Sandberg,8,51.3
Alka Yagnik;Udit Narayan,18,51.2
Poshlaya Molly,15,51.2
Nora Van Elken,15,51.2
Rascal Flatts,6,51.2
JPEGMAFIA,23,51.1
Death Grips,14,51.1
Bethel Music;Jenn Johnson,8,51.1
Gojira,32,51.1
Crystal Castles,9,51.1
The Mayries,10,51.1
A Great Big World,7,51.1
Tenth Avenue North,7,51.0
Joker Xue,9,51.0
kizaru,9,51.0
Oh The Larceny,6,51.0
Eddie Vedder,16,51.0
I AM THEY,12,50.9
44phantom,8,50.9
Porter Robinson,20,50.9
Charlotte de Witte,9,50.8
PHARAOH,10,50.8
Toddler Tunes,6,50.8
Canyon City,10,50.8
Anuradha Paudwal;Kumar Sanu,13,50.7
Modern Talking,22,50.7
Alter Bridge,33,50.7
Teide,7,50.6
Don Williams,10,50.6
Meshuggah,10,50.5
SLANDER;Dylan Matthew,6,50.5
Air,15,50.5
White Noise Baby Sleep,10,50.4
Fetty Wap,10,50.4
Red,7,50.4
Acid Ghost,8,50.4
Bee Gees,30,50.4
Hillsong Worship;TAYA,9,50.3
Aitana,9,50.3
Dream Note,7,50.3
D.O.D,6,50.3
The Local Train,13,50.2
We Came As Romans,14,50.1
Tove Lo,49,50.1
Yuki Hayashi,8,50.1
Kensuke Ushio,9,50.1
Queen,8,50.0
Shakin' Stevens,6,50.0
Boards of Canada,16,50.0
Lamb of God,40,50.0
Lifehouse,12,50.0
Boney M.,25,49.9
Hins Cheung,15,49.9
Harry Gregson-Williams,9,49.9
Hiroyuki Sawano,37,49.9
Abel Korzeniowski,8,49.9
Natural White Noise Relaxation,9,49.8
SiM,6,49.8
ONE OK ROCK,25,49.8
Syn Cole,9,49.8
Max Richter,16,49.7
Ben Platt,23,49.6
Alka Yagnik;Kumar Sanu,11,49.6
Jóhann Jóhannsson,16,49.6
Hayd,11,49.5
Ice Cube,6,49.5
RADWIMPS,26,49.5
CoComelon,122,49.4
Bicep,11,49.4
Us The Duo,9,49.4
Jarabe De Palo,6,49.3
Nicky Romero,6,49.3
Sky Ferreira,6,49.2
Leehom Wang,6,49.2
Hebe Tien,10,49.2
Secret Garden,8,49.1
Wage War,16,49.1
David Tao,14,49.1
JJ Heller,17,49.1
Eric Reprid,6,49.0
Lane 8,6,49.0
Enrico Sangiuliano,7,49.0
All That Remains,7,49.0
Ilaiyaraaja;S. Janaki,6,49.0
Vismay Patel,9,49.0
Lil Pump,6,49.0
Bleed From Within,7,49.0
Stefanie Sun,11,48.9
Pranish VP,8,48.9
The Mamas & The Papas,7,48.9
YUNGBLUD,34,48.9
Stephan Moccio,11,48.9
Matheus & Kauan,47,48.8
Diego & Victor Hugo,12,48.8
yaeow,14,48.8
Karen Mok,12,48.8
Jesus Culture;Chris Quilala,7,48.7
Anson Seabra,21,48.7
Gusttavo Lima,24,48.7
Sushant KC,6,48.7
Zomboy,6,48.7
Mother Goose Club,13,48.7
Bruno Mars,7,48.6
Within Temptation,15,48.5
Anuradha Paudwal;Udit Narayan,8,48.4
Moderat,14,48.4
Loubet,7,48.3
Trio Parada Dura,6,48.3
Powfu,16,48.3
Edson & Hudson,9,48.3
Kamisa 10,20,48.3
Tribal Rain,6,48.3
Motorama,6,48.3
Nine Inch Nails,23,48.3
Yasuharu Takanashi,16,48.2
Milionário & José Rico,17,48.1
Bruno & Barretto,7,48.1
João Bosco & Vinicius,7,48.1
Eluveitie,11,48.1
Bullet For My Valentine,46,48.1
Teodoro & Sampaio,7,48.0
Kailash Kher;Paresh Kamath;Naresh Kamath,8,48.0
Vertical Worship,7,47.9
Passion;Kristian Stanfill,15,47.9
Ilaiyaraaja,9,47.9
Os Parazim,7,47.9
Drowning Pool,7,47.9
Matt Redman,16,47.9
Jadon Lavik,8,47.8
Cream,9,47.8
Adam Christopher,6,47.8
Westside Connection,6,47.7
Dead By Sunrise,7,47.7
Sandra,6,47.7
Rend Collective,14,47.7
Di Paullo & Paulino,8,47.6
Sajjan Raj Vaidya,13,47.6
Wizkid,11,47.6
KAYDEN,8,47.6
Ícaro e Gilmar,33,47.5
Michael Jackson,16,47.4
Chitãozinho & Xororó,7,47.4
Chico Rey & Paraná,13,47.4
Worakls,14,47.4
Glee Cast;Darren Criss,10,47.4
Os Serranos,6,47.3
Rick & Renner,8,47.3
Clayton & Romário,14,47.3
Sorriso Maroto,60,47.3
Ashu Shukla,6,47.3
Tristam,6,47.3
Hadise,7,47.3
Children Of Bodom,16,47.3
fenekot,17,47.3
Janice Vidal,9,47.3
Jefferson & Suellen,7,47.3
Kato,56,47.3
Mayck & Lyan,6,47.2
Léo & Raphael,9,47.2
Racionais MC's,11,47.2
Emancipator,13,47.1
No Party For Cao Dong,10,47.1
Jasleen Royal,10,47.1
Skeng,8,47.0
Khalil Fong,7,47.0
Frei Gilson,8,47.0
ZZ Top,7,47.0
Soundgarden,12,47.0
Ray Charles,9,46.9
Shane & Shane,16,46.8
Hillsong Worship;Brooke Ligertwood,23,46.8
Bhuvan Bam,6,46.8
ILLENIUM,6,46.8
Kid Travis,12,46.8
C AllStar,6,46.8
Serhat Durmus,11,46.7
Amado Batista,11,46.7
Lauana Prado,21,46.7
Gustavo Mioto,14,46.7
Belo,16,46.7
Rodriguinho,6,46.7
Mc Kevin,9,46.7
Sean Paul,22,46.7
Fernando & Sorocaba,7,46.6
MORADA,10,46.6
Skylar Grey,14,46.6
Kate Bush,13,46.6
Jan Blomqvist,11,46.6
KOHTA YAMAMOTO,8,46.6
Detonautas Roque Clube,10,46.6
Jonah Baker,13,46.6
Pet Shop Boys,13,46.5
Isak Danielson,11,46.5
Little Dragon,11,46.5
Padre Fábio De Melo,12,46.5
Bruno & Marrone,43,46.4
Taylor Swift,11,46.4
Jeito Moleque,10,46.4
Pixote,16,46.4
Alka Yagnik,15,46.4
Tokyo Machine,7,46.4
Bonobo,39,46.4
Koven,7,46.4
ConeCrewDiretoria,8,46.4
Padre Marcelo Rossi,7,46.4
BigRicePiano,14,46.4
Samuel Kim,29,46.4
Eduardo Costa,20,46.3
Edwin Luna y La Trakalosa de Monterrey,8,46.3
Grupo Clareou,7,46.3
Dimash Qudaibergen,7,46.3
S.H.E,6,46.3
Plini,6,46.3
Mariya Takeuchi,7,46.3
Portishead,19,46.3
Lucas Reis & Thácio,9,46.2
George Henrique & Rodrigo,6,46.2
Simple Plan,12,46.2
Vitinho,22,46.2
Iguinho e Lulinha,19,46.2
Cyndi Lauper,11,46.2
Koe Wetzel,9,46.2
Matogrosso & Mathias,16,46.1
Julio Preciado Y Su Banda Perla Del Pacifico,7,46.1
Anuradha Paudwal,15,46.1
Atitude 67,9,46.1
Dua Lipa,12,46.1
Miriam Yeung,9,46.1
Christian Löffler,9,46.1
Machine Head,11,46.1
Weißes Rauschen HD,47,46.0
Gian & Giovani,7,46.0
Last Child,12,46.0
Grupo Presença,7,46.0
Weval,7,46.0
A-Lin,9,46.0
Yoga Lin,8,46.0
MYST,6,46.0
Indila,21,46.0
Absolute Valentine,6,46.0
Colo de Deus,6,46.0
Enjambre,10,46.0
Stone Temple Pilots,12,46.0
Hoobastank,10,46.0
Emir Can İğrek,7,45.9
Jorge & Mateus,18,45.9
Victor & Leo,10,45.9
Amaranthe,14,45.9
Zé Vaqueiro,20,45.9
The Lumineers,12,45.9
3030,7,45.9
Diego & Arnaldo,6,45.8
Banda Rancho Viejo De Julio Aramburo La Bandononona,6,45.8
The Outfield,8,45.8
Sanah Moidutty,8,45.8
Scorpions,21,45.8
Belle and the Nursery Rhymes Band,6,45.8
Faye Wong,30,45.8
Eason Chan,61,45.8
Tony Anderson,13,45.8
3 Doors Down,17,45.8
Thiaguinho,30,45.7
Os Travessos,6,45.7
Oliver Koletzki,7,45.7
Ministério Adoração e Vida,7,45.7
Red Hot Chili Peppers,49,45.7
El Coyote Y Su Banda Tierra Santa,11,45.6
BABYMETAL,16,45.6
Kijugo,23,45.6
Godsmack,12,45.6
Péricles,27,45.5
Layton Giordani,6,45.5
MC Hariel,17,45.5
Pink Guy,18,45.5
Peppa Pig,23,45.5
Avoure,7,45.4
Tá Na Mente,7,45.4
Di Propósito,11,45.4
Enigma,49,45.4
Sérgio Reis,10,45.3
Banda Cuisillos,18,45.3
Dead by April,21,45.3
Joachim Pastor,8,45.3
Le Castle Vania,11,45.3
Gustavo Santaolalla,12,45.3
Turma do Pagode,21,45.2
Yiruma,63,45.2
Midian Lima,6,45.2
Mariano Barba,7,45.1
Laura Branigan,7,45.1
Faime,8,45.1
Maneva,40,45.1
Trevor Something,6,45.0
Tove Styrke,6,45.0
Imaginasamba,8,45.0
Ferrugem,38,45.0
Mumuzinho,20,45.0
Cheer Chen,7,45.0
Manuel Carrasco,7,45.0
Arca,22,45.0
Yasuharu Takanashi;YAIBA,6,45.0
Skillet,19,45.0
Leonardo;Eduardo Costa,11,44.9
The Devil Wears Prada,24,44.8
Dope,8,44.8
Billie Eilish,49,44.8
"Phillips, Craig & Dean",11,44.7
Ooyy,6,44.7
Stephen Sanchez,22,44.7
Dilsinho;Sorriso Maroto,14,44.7
Silverchair,7,44.7
Fall Out Boy,31,44.7
Sia,9,44.7
Serrini,6,44.7
Mayhem,6,44.7
Inhaler,11,44.7
Zezé Di Camargo & Luciano,9,44.6
Ollie,20,44.6
Ichika Nito,18,44.6
Legião Urbana,30,44.6
Nívea Soares,8,44.6
Jota Quest,19,44.6
Massano,6,44.5
The Yellow Diary,8,44.5
Boris Brejcha,48,44.5
Armandinho,8,44.5
Rachael Yamagata,6,44.5
Bon Jovi,24,44.4
Banda Magníficos,12,44.4
NTO,19,44.4
Şehinşah,12,44.3
A Flock Of Seagulls,7,44.3
Em Beihold,6,44.3
João Paulo & Daniel,6,44.3
Ben E. King,6,44.3
Raça Negra,6,44.3
Fagner,8,44.3
Suzonn,8,44.3
Ömer Balık,6,44.3
Isaias Saad,6,44.3
Hillsong Worship,78,44.2
Boozoo Bajou,6,44.2
MC Neguinho do Kaxeta,9,44.2
Hafdís Huld,9,44.2
KLOUD,12,44.2
Watchhouse,11,44.2
Chris Tomlin,68,44.2
Nusrat Fateh Ali Khan;A1Melodymaster,10,44.1
Rotlaus,7,44.1
Gabriel Brito,16,44.1
Sara Farell,7,44.1
Lagum,9,44.0
Deserts Chang,6,44.0
Icona Pop,7,44.0
SOPHIE,11,44.0
The Smashing Pumpkins,17,44.0
Lincoln Brewster,8,43.9
Doce Encontro,7,43.9
ヨルシカ,10,43.9
Hans Zimmer,42,43.9
Peppa Pig Stories,7,43.9
Raul Seixas,14,43.9
Thievery Corporation,21,43.8
Só Pra Contrariar,12,43.8
Grupo Revelação,24,43.8
Humberto & Ronaldo,17,43.8
Calcinha Preta,28,43.8
Prateek Kuhad,49,43.8
Otnicka,6,43.8
Dear Jane,10,43.8
Behemoth,22,43.8
Hideki Taniuchi,9,43.8
Fala Comigo;Tiee,7,43.7
Jacob's Piano,14,43.7
Lu Han,6,43.7
Jay Fung,6,43.7
Whitesnake,11,43.7
Feora,6,43.7
Max Brhon,8,43.6
7 Minutoz,13,43.5
Charlie Puth,39,43.5
Upchurch,22,43.5
Rose Nascimento,10,43.5
Wolfmother,8,43.5
Ceg,11,43.4
Joe Satriani,14,43.4
Josué Bom de Faixa,7,43.4
Lionel Richie,13,43.4
Opeth,23,43.4
Os Paralamas Do Sucesso,14,43.4
Staind,11,43.4
Hillsong Worship;Benjamin William Hastings,7,43.3
A Day To Remember,22,43.3
Forrozão Tropykalia,6,43.3
Nusrat Fateh Ali Khan;Afternight Vibes,9,43.3
Krewella,20,43.3
The Rolling Stones,48,43.3
Amelie Lens,6,43.2
Léo Magalhães,16,43.2
Robério e Seus Teclados,6,43.2
Bonde do gato preto,6,43.2
Pablo,33,43.2
Vitor Fernandes,17,43.2
Yoshihisa Hirano,6,43.2
Grupo Sensação,9,43.1
TroyBoi,8,43.1
DragonForce,9,43.1
No.1,19,43.0
Anathema,10,43.0
Reginaldo Rossi,8,43.0
Rosa de Saron,9,43.0
Stap,7,42.9
Enygma Rapper,8,42.9
Fábio Jr.,8,42.9
Beyond,14,42.9
Roupa Nova,29,42.8
Spice,9,42.8
Zé Ramalho,16,42.8
Fabrizio Paterlini,14,42.8
Exaltasamba,47,42.7
The Hives,6,42.7
Joep Beving,12,42.7
anirap,7,42.6
Vou pro Sereno,12,42.6
Rainie Yang,7,42.6
El Canto Del Loco,11,42.6
Engenheiros Do Hawaii,12,42.6
Voz da Verdade,9,42.6
Aline Barros,29,42.6
Joan Sebastian,34,42.5
José González,10,42.5
Hillsong Young & Free,37,42.4
Ensidya,7,42.4
Peter Cat Recording Co.,14,42.4
Jon Lajoie,8,42.4
Deise do Vale,8,42.4
Fresno,9,42.4
Fernanda Brum,7,42.4
Megadeth,14,42.4
Pinhani,6,42.3
Electroforez,15,42.3
Art Popular,30,42.3
Julianno Sosa,8,42.3
The Cars,17,42.3
Icon For Hire,6,42.3
Bonde do Forró,10,42.3
Raquel dos Teclados,9,42.3
Aviões do Forró,16,42.3
Almir Sater,6,42.3
Benny Martin;The Wong Janice,8,42.3
Jessie Ware,8,42.3
Capital Inicial,12,42.3
Samuel Messias,6,42.3
Jesus Culture;Kim Walker-Smith,10,42.2
Alceu Valença,12,42.2
Mastruz Com Leite,13,42.2
Dorgival Dantas,6,42.2
Amon Amarth,18,42.2
Fernandinho,29,42.2
Isadora Pompeo,12,42.2
Hillsong Worship;Reuben Morgan,12,42.1
Şanışer,13,42.1
Taba Chake,9,42.1
Eartheater,9,42.1
Cássia Eller,10,42.1
Gabriel Guedes de Almeida,13,42.1
Skank,9,42.1
Mosaic MSC,6,42.0
Colyn,7,42.0
Rachel Reis,8,42.0
Pisadinha do Vaqueiro,6,42.0
Silvanno Salles,21,42.0
Kailash Kher,27,42.0
Swedish House Mafia,7,42.0
Stabil,8,41.9
Seu Jorge,8,41.9
Djavan,19,41.9
Black Label Society,7,41.9
Unha Pintada,20,41.9
Biu do Piseiro,9,41.9
Douglas & Vinicius,8,41.9
Leoni,7,41.9
Damares,8,41.9
Los Hermanos,19,41.9
Patricio Rey y sus Redonditos de Ricota,35,41.9
UMEK,6,41.8
Kiasmos,6,41.8
Renascer Praise,6,41.8
Burzum,6,41.8
Flower Face,23,41.8
Brian Eno,15,41.8
Berg,7,41.7
Vander Lee,7,41.7
Chet Baker,6,41.7
Japãozin,16,41.7
Jeremy Zucker,10,41.7
Icona Pop;Charli XCX,6,41.7
In Flames,21,41.7
Glee Cast;Jonathan Groff,6,41.7
Zeca Baleiro,9,41.7
Chord Overstreet,11,41.7
Ahiyan,10,41.6
Roberto Carlos,18,41.6
Benito Di Paula,8,41.6
BAND-MAID,14,41.6
Emmure,7,41.6
Lauriete,8,41.6
Kleber Lucas,7,41.6
Dimmu Borgir,10,41.6
Rustage,10,41.6
Alexis Ffrench,22,41.6
Planetshakers,44,41.5
Hidra,21,41.5
Philip,6,41.5
Arlindo Cruz,16,41.5
Jorge Aragão,30,41.5
Os Barões Da Pisadinha,65,41.5
Friction,6,41.5
Diante do Trono;Ana Paula Valadão,8,41.5
Gerson Rufino,37,41.5
Phil Wickham,37,41.5
O Rappa,25,41.5
Motive,14,41.4
Akatu,16,41.4
Wu Bai,12,41.4
Zezo,23,41.4
Raghu Dixit,18,41.4
Anderson Freire,8,41.4
Hillsong Young & Free;Alexander Pappas,6,41.3
Khontkar,9,41.3
Valentín Elizalde,14,41.3
Stand Here Alone,9,41.3
Terno Rei,6,41.3
Palavra Cantada,9,41.3
Marisa Monte,12,41.3
Boris Brejcha;Ginger,11,41.3
Yuna,6,41.3
Luiz Gonzaga,8,41.3
Kibariye,6,41.3
Shirley Carvalhaes,10,41.3
André Valadão,7,41.3
Big Up,7,41.3
Canção & Louvor,8,41.3
Washington Brasileiro,9,41.2
Joey Yung,13,41.2
Kari Jobe,13,41.2
Ben Woodward,9,41.2
Saian,9,41.1
Tan Taşçı,23,41.1
Canticuénticos,7,41.1
K.I.Z,10,41.1
Fiona Sit,7,41.1
J.J. Cale,9,41.1
División Minúscula,9,41.1
Negritude Junior,7,41.0
Ran-D,7,41.0
Flávio José,10,41.0
Bensley,9,41.0
Rodolfo Abrantes,9,41.0
Kapanga,9,41.0
Panteon Rococo,35,41.0
Priscila Senna,8,40.9
Taty Girl,24,40.9
One True God,17,40.9
dj Shawny,7,40.9
Simon Wester,7,40.9
Şam,6,40.8
Caju Pra Baixo,16,40.8
Twenty One Pilots,8,40.8
Osho Jain,10,40.8
Anupam Roy,30,40.8
Kevi Jonny,18,40.8
When Chai Met Toast,23,40.8
Aurelina Dourado,6,40.8
Apparat,6,40.8
Los Caligaris,50,40.8
Darlene Zschech,6,40.7
Laura Story,7,40.7
Ajda Pekkan,6,40.7
Allame,7,40.7
Laura Sullivan,15,40.7
Aria,6,40.7
Kiko Chicabana,7,40.7
Nightmares On Wax,12,40.7
Gisele Nascimento,6,40.7
Sambô,10,40.6
Soweto,14,40.6
Katinguelê,7,40.6
Sandy,7,40.6
Clara Mae,12,40.6
Palavrantiga,7,40.6
Yedinci Ev,6,40.5
CHVRCHES,17,40.5
Sezen Aksu,7,40.4
Fidel Rueda,9,40.4
Grupo Raça,8,40.4
Nightwish,32,40.4
F.O.O.L,11,40.4
Gabriela Rocha,20,40.4
Eli Soares,8,40.4
Cassiane,17,40.4
2 Blyga Läppar,7,40.3
Reinaldo,6,40.3
Foreigner,7,40.3
Bell Marques,8,40.3
Joris Delacroix,6,40.3
Massive Attack,33,40.3
Jacky Cheung,23,40.3
Oficina G3,21,40.3
The Growlers,18,40.2
Edson Lima e Gatinha Manhosa,9,40.2
Limão Com Mel,17,40.2
Passion;Chris Tomlin,12,40.1
Jon Kennedy,12,40.1
Keane,19,40.1
Encontro de Batuqueiros,7,40.1
Rise Against,10,40.1
Mudvayne,14,40.1
Faber,11,40.1
Henry Freitas,8,40.1
Strike,8,40.1
Nani Azevedo,9,40.1
Alcest,13,40.1
Magnus Uggla,9,40.0
"Sergio Vega ""El Shaka""",9,40.0
Quatro por Um,6,40.0
Spandau Ballet,16,40.0
Astrix,8,39.9
Gal Costa,7,39.9
Chicão dos Teclados,11,39.9
Death,13,39.9
Gesaffelstein,18,39.9
Thalles Roberto,7,39.9
Marcos Antônio,7,39.9
Akira Kosemura,7,39.9
Virus,9,39.9
Ati242,9,39.8
Emilíana Torrini,6,39.8
The Go-Go's,8,39.8
Sertab Erener,9,39.8
Desejo De Menina,16,39.8
Nusrat Fateh Ali Khan,38,39.8
PXNDX,32,39.8
Rick Astley,9,39.8
The Chainsmokers,24,39.8
Tianastacia,6,39.8
RDN;Suel;Ferrugem,24,39.7
31 Minutos,15,39.7
FOVOS,7,39.7
Los Estramboticos,15,39.7
Fiersa Besari,10,39.6
Smyang Piano;tamagopalette,8,39.6
Gilberto Gil,11,39.6
Periphery,12,39.6
Kay Tse,12,39.6
Skay Beilinson,8,39.6
Guus Dielissen,10,39.6
Rota,6,39.5
Can Bonomo,8,39.5
Gramatik,11,39.5
Belinda Carlisle,6,39.5
Havoc Brothers,12,39.5
George Benson,8,39.5
Şebnem Ferah,9,39.4
Silent Knights,25,39.4
Imagine Dragons,31,39.4
Québec Redneck Bluegrass Project,9,39.4
Fossils,10,39.4
Pendulum,25,39.4
Chico Science;Nação Zumbi,7,39.4
Charlie Brown Jr.,106,39.4
Eurythmics;Annie Lennox;Dave Stewart,16,39.3
GUFI,6,39.3
New Order,12,39.3
Müzeyyen Senar,11,39.3
Pee Wee Gaskins,8,39.3
CA7RIEL,6,39.3
Testament,7,39.3
Frejat,7,39.3
Eddy Tyler,9,39.3
Zeca Pagodinho,50,39.2
Matanza,25,39.2
Sumo,16,39.2
Tronic,8,39.1
Smyang Piano,47,39.1
Yui Horie,7,39.1
Stephan Bodzin,8,39.1
David Guetta,7,39.1
The Minds Of 99,13,39.0
Teuterekordz,8,39.0
The Changcuters,11,39.0
Soda Stereo,31,39.0
Kevin Kern,9,38.9
Maria Bethânia,24,38.9
J Neto,10,38.9
Frei.Wild,10,38.9
Chancho En Piedra,21,38.9
AMARIA BB,9,38.9
Banda Eva,6,38.8
Maria Rita,9,38.8
Schyzo,9,38.8
Glee Cast,139,38.8
Ultraje a Rigor,17,38.8
NX Zero,13,38.8
Recondite,6,38.7
Mugen Rao,6,38.7
Paulo Cesar Baruk,6,38.7
Papon,23,38.7
Solee,6,38.7
Planet Hemp,10,38.7
Hayko Cepkin,9,38.6
ERA,7,38.6
Ivete Sangalo,10,38.6
Pedropiedra,7,38.6
Biquini Cavadão,29,38.6
Sagopa Kajmer,16,38.5
Eddie Meduza,13,38.5
El Bordo,6,38.5
Diogo Nogueira,31,38.5
Da Tweekaz,6,38.5
Forró Boys,6,38.5
Danieze Santiago,6,38.5
Fats Domino,6,38.5
Maldita Vecindad Y Los Hijos Del 5to. Patio,8,38.4
Akatu;Grupo Revelação,11,38.4
Grupo Fundo De Quintal,19,38.4
Divya Kumar,10,38.4
Bedtime Baby,8,38.3
Pink Noise,11,38.3
Souljah,7,38.3
Silverstein,7,38.3
Days Of The New,7,38.3
Miranda!,42,38.3
Akon,6,38.3
Hozho,20,38.2
Hombres G,6,38.2
RDN;Vitinho;Caju Pra Baixo,6,38.2
Steely Dan,12,38.2
Pitty,28,38.2
Tři Sestry,7,38.1
Rybičky 48,8,38.1
Xande De Pilares,14,38.1
İlhan İrem,7,38.1
Charly Black,8,38.1
Slank,27,38.1
Gyllene Tider,6,38.0
PIÑA PINK,10,38.0
Maskatesta,7,38.0
Julie Andrews,6,38.0
サザンオールスターズ,39,38.0
Cold,10,38.0
Cannibal Corpse,10,38.0
Allison,10,37.9
Yanni,43,37.9
Karunesh,14,37.9
PornoGraffitti,10,37.9
Blondie,37,37.8
Lyn Lapid,10,37.8
Ellie Goulding,19,37.8
Daniel Deluxe,16,37.8
Yusei,13,37.8
Barão Vermelho,8,37.8
Caju Pra Baixo;Belo,10,37.7
NERO,12,37.7
Lebo M.,6,37.7
Dustycloud,7,37.7
Joseph Sullinger,10,37.7
Björn Rosenström,9,37.6
櫻坂46,10,37.6
Sub Focus,7,37.6
In Element,8,37.6
Mrs. GREEN APPLE,17,37.6
Salon Victoria,10,37.5
Raimundos,19,37.5
Las Pastillas del Abuelo,10,37.5
Guachupé,8,37.4
Attaque 77,20,37.4
Samba De Raiz,12,37.4
Tom Jones,7,37.4
Lulu Santos,17,37.4
Granular,35,37.3
Inspector,12,37.3
La Oreja de Van Gogh,12,37.3
Die Toten Hosen,25,37.3
Alemão Do Forró,6,37.3
Macaroni Empitsu,13,37.3
Melissa Horn,13,37.2
Nonpalidece,12,37.2
Sekta Core,9,37.2
Bernward Koch,10,37.2
Usted Señalemelo,9,37.2
Sarah Jarosz,11,37.2
Los Fabulosos Cadillacs,37,37.2
ABBA,71,37.1
Sublime,7,37.1
2 minutos,8,37.1
Chico Buarque,10,37.1
Yeni Türkü,8,37.1
death's dynamic shroud,6,37.0
Projota,8,37.0
Tears For Fears,22,36.9
Vance Joy,19,36.9
Nando Reis,15,36.9
Onze:20,8,36.9
UNISON SQUARE GARDEN,7,36.9
Tmsoft’s White Noise Sleep Sounds,6,36.8
Bo Kaspers Orkester,12,36.8
TUBE,6,36.8
Kabir Cafe,6,36.8
Maceo Plex,8,36.8
Los Auténticos Decadentes,16,36.8
The All-American Rejects,7,36.7
Yumi Matsutoya,7,36.7
EXILE,10,36.7
Henry Jackman,14,36.7
Seal,10,36.7
Jane's Addiction,6,36.7
Babasónicos,37,36.7
Intoxicados,8,36.6
Chuy Lizarraga y Su Banda Tierra Sinaloense,7,36.6
Belchior,11,36.6
Mathan;Naven,7,36.6
Moonica Mac,6,36.5
µ-Ziq,6,36.5
Denise Ho,12,36.5
La Mississippi,8,36.5
Memphis La Blusera,6,36.5
QUEEN BEE,13,36.5
David Holmes,6,36.3
Instrumental Worship Project from I’m In Records,13,36.3
Emile Pandolfi,8,36.3
Sachin Warrier,15,36.3
Zeki Müren,16,36.3
LooLoo Kids,24,36.3
Andrew Foy;Renee Foy,15,36.3
Ultravox,6,36.2
Baby Sweet Dream,6,36.2
Duran Duran,23,36.1
Outside Broadcast Recordings,9,36.1
Lars Winnerbäck,21,36.1
Böhse Onkelz,12,36.1
Lasse Stefanz,36,36.1
Resistencia Suburbana,6,36.0
Mr.Children,44,36.0
WEDNESDAY CAMPANELLA,9,36.0
The Dead Milkmen,6,36.0
Lujipeka,6,36.0
Armin van Buuren,37,36.0
Steve Miller Band,13,36.0
Rain Sounds,43,35.9
Los Cafres,18,35.9
Mark Dekoda,9,35.9
Charly García,37,35.9
Tomas Andersson Wij,6,35.8
Los Pericos,19,35.8
OneRepublic,124,35.8
Koil,6,35.8
Feine Sahne Fischfilet,8,35.8
CPM 22,27,35.8
Breakfast For Brunch,13,35.7
Teresa Teng,7,35.7
Accept,29,35.7
Solomun,15,35.7
The Kiboomers,47,35.7
Michael W. Smith,28,35.7
Deep Sleep Hair Dryers;Hair Dryers for Background Noise;Hair Dryer Collection,7,35.6
Meeresrauschen,24,35.6
My Hair is Bad,21,35.6
HammerFall,14,35.6
Reznik,9,35.6
Delta Heavy,8,35.6
ZABO,10,35.6
Tim Maia,25,35.6
The Interrupters,6,35.5
Cliff Richard & The Shadows,8,35.5
Das Lumpenpack,8,35.5
Parthiv Gohil,6,35.5
Kid Abelha,22,35.5
Type O Negative,13,35.5
Porsche Love,10,35.4
M. S. Subbulakshmi,7,35.4
Cri-Cri,40,35.4
Goom Gum,6,35.3
Wildways,6,35.3
Hugo TSR,6,35.3
For Revenge,21,35.3
DJ Shadow,13,35.3
Lifafa,9,35.3
Shania Twain,12,35.3
Mandragora,22,35.3
Bernard Adamus,8,35.3
Mipso,6,35.3
Deafheaven,10,35.3
Adrian Barba,6,35.3
Nationalteatern,6,35.2
Tipe-X,25,35.2
Fit For A King,6,35.2
Architects,31,35.2
Vald,10,35.2
Arno,6,35.2
Tucka,9,35.2
Wibke Komi,7,35.1
Play School,16,35.1
Etta James,8,35.1
Manoella Torres,8,35.0
KOBUKURO,6,35.0
GLAY,8,35.0
Surf Curse,20,35.0
BBS Paranoicos,9,35.0
Coheed and Cambria,7,35.0
Amy Liz,10,35.0
Hacken Lee,7,35.0
Wilmer X,11,34.9
Adolescent's Orquesta,19,34.9
Fiskales Ad-Hok,7,34.9
Los Miserables,8,34.9
Kool & The Gang,13,34.9
The Magnetic Fields,14,34.9
Overseer,10,34.9
Mike Laure,25,34.8
Culture Club,13,34.8
M. S. Subbulakshmi;Radha Viswanathan,6,34.8
The Wiggles,50,34.8
Natalia Jiménez,18,34.7
Manolo Muñoz,6,34.7
The Stranglers,7,34.7
Dusty Kid,6,34.7
Havoc Mathan;Havoc Naven,23,34.7
Broilers,19,34.7
Morcheeba,32,34.7
Sirkazhi Govindarajan,15,34.7
Shinedown,40,34.7
Noel Toms,16,34.6
Gowry Lekshmi,16,34.6
The Kinks,9,34.6
Luis Alberto Spinetta,11,34.6
Los Apson,23,34.5
Florida Georgia Line,6,34.5
grandson,6,34.5
BARBEE BOYS,7,34.4
Tricky,6,34.3
White Noise Therapy,7,34.3
Los Rude Boys,9,34.3
André Rieu;Johann Strauss Orchestra,15,34.3
Paul Kalkbrenner,23,34.3
Sajeer Koppam,22,34.3
Polo & Pan,9,34.3
Official HIGE DANdism,30,34.3
Creep Hyp,28,34.3
Criolo;Emicida,10,34.3
Los Freddy's,23,34.2
Guided By Voices,6,34.2
So La Lune,6,34.2
Benny,11,34.1
Ocean Waves For Sleep,16,34.1
blink-182,32,34.1
go!go!vanillas,9,34.1
Lady A,8,34.1
Sir Charles Jones,7,34.1
Brandi Carlile,9,34.1
Mylène Farmer,6,34.0
Los Brios,9,34.0
Sajanka,15,33.9
The Amity Affliction,13,33.9
GReeeeN,14,33.9
Michael Bublé,22,33.9
Seringai,14,33.9
Renaud,8,33.9
Akcent,14,33.9
Eve 6,6,33.8
Stupeflip,10,33.8
Leslie Cheung,15,33.8
Titãs,27,33.8
Live,12,33.8
Hov1,11,33.7
Los Chicanos,6,33.7
La Tropa Loca,7,33.7
Los Pasteles Verdes,23,33.7
Lacuna Coil,12,33.7
Röyksopp,22,33.6
Avslappning Sound,20,33.6
Estela Nuñez,16,33.6
Z.TAO,15,33.6
D’MASIV,13,33.6
Marilyn Manson,47,33.6
Kim Walker-Smith,6,33.5
Booka Shade,10,33.5
Corinne Bailey Rae,6,33.5
The Prodigy,59,33.4
Orchestral Manoeuvres In The Dark,11,33.3
Wasted Glitter,7,33.3
Frankie Avalon,6,33.3
Los Crazy Boys,6,33.3
Yabai T-Shirts Yasan,8,33.3
WANIMA,6,33.3
Cheap Trick,17,33.3
Alec Benjamin,37,33.3
Clean Bandit;French The Kid;Rema,6,33.3
Simply Red,8,33.3
Baby Sleep Music;Baby Lullaby;Monarch Baby Lullaby Institute,13,33.2
The Weeknd,14,33.2
Darren Styles,9,33.2
Ben Mazué,12,33.2
my little airport,171,33.2
Grateful Dead,18,33.1
Headhunterz,13,33.1
Gabrielle Aplin,20,33.1
Lara Fabian,9,33.0
Dead Fish,22,33.0
Skid Row,6,33.0
Divididos,21,33.0
Me First and the Gimme Gimmes,9,32.9
Eterna Inocencia,14,32.9
Hans Zimmer;Adam Lukas;James Everingham;AURORA,20,32.9
Georgio,7,32.9
Keyblade,8,32.9
Criolo,56,32.9
Palito Ortega,6,32.8
Shogo Hamada,15,32.8
Millencolin,12,32.8
Billie Holiday,6,32.8
Weezer,52,32.8
Os Mutantes,7,32.7
Celldweller,19,32.7
Strung Out,6,32.7
Ghost,30,32.7
Steppenwolf,6,32.7
Los Tukas,14,32.6
Nelson Ned,11,32.6
Nada Surf,7,32.6
Shamanes Crew,14,32.6
Infraction,12,32.6
Agepê,6,32.5
Daniel Pemberton,6,32.5
Flört,13,32.5
Jason Mraz,41,32.5
Jorge Muñiz,16,32.4
Archive,7,32.4
Barrington Levy,7,32.4
Maelo Ruiz,38,32.3
Espécimen,6,32.3
Lamb,6,32.2
Groove Armada,13,32.2
Los Baby's,27,32.2
Angelica Maria,15,32.2
XTC,11,32.2
Andrew Tan,6,32.2
Job Kurian,14,32.2
Jefte Santos,6,32.2
Blackburri,14,32.1
Yiyo Sarante,8,32.1
Los Solitarios,21,32.1
Sweet Little Band,32,32.1
Pinkfong,39,32.1
Sepultura,16,32.1
Alberto Vazquez,21,32.0
Elvis Costello,11,32.0
Niranj Suresh,8,32.0
Marc Anthony,28,32.0
Les Fatals Picards,8,32.0
Cidade Verde Sounds,13,32.0
Rob Cantor,7,31.9
Mwuana,7,31.9
La Sonora Matancera,11,31.8
Mr Black El Presidente,9,31.8
Cesar Costa,6,31.8
Marco Antonio Muñiz,16,31.8
Hooverphonic,20,31.8
Paolo Nutini,15,31.8
AJJ,8,31.8
Miguel Bosé,14,31.7
ZAPEROKO La Resistencia Salsera del Callao,7,31.7
Roberto Jordan,7,31.7
Enrique Guzman,32,31.7
KISS,13,31.7
Bayside,12,31.7
Goretrade,10,31.7
Tiësto,16,31.7
Shawn Mendes,18,31.7
Ice Nine Kills,23,31.7
Gene Vincent & His Blue Caps,7,31.6
Hermanos Carrion,8,31.6
Cem Karaca,31,31.6
Pense,9,31.6
-M-,7,31.6
Melanie Martinez,17,31.6
Ángeles Del Infierno,11,31.5
Guayacán Orquesta,13,31.5
BOØWY,51,31.5
Sly Withers,13,31.5
Cristian,15,31.4
Grupo Yndio,8,31.4
Rosana,7,31.3
NJ,16,31.3
D-Block & S-te-Fan,16,31.3
Caillou,10,31.3
Masaharu Fukuyama,26,31.3
Galy Galiano,14,31.2
Alquimia La Sonora Del XXI,6,31.2
Barış Manço,29,31.2
Black Sabbath,10,31.2
Alan Menken,32,31.2
John Williamson,6,31.2
Kelly Chen,6,31.2
The Steeldrivers,22,31.2
Magneto,9,31.1
Rey Ruiz,7,31.1
Guaco,16,31.1
S3RL,18,31.1
Deny,6,31.0
Mägo de Oz,38,31.0
Kamuran Akkor,8,31.0
Project46,6,31.0
Novo Som;Catedral,8,31.0
Kinderen voor Kinderen,28,31.0
Noisia,9,31.0
Ishome,8,31.0
Jerry Rivera,18,30.9
Los Hermanos Carrion,10,30.9
Árbol,11,30.9
Thakara,9,30.9
Chicago,7,30.9
Teoman,26,30.8
The Herbaliser,6,30.8
Lauren Spencer Smith,10,30.8
Bullet Bane,6,30.8
Eddie van der Meer,6,30.8
Brock Ansiolitiko,14,30.7
Sonia Rivas,10,30.7
Paveier,10,30.7
Håkan Hellström,141,30.7
Prabh Deep,14,30.7
Baciary,6,30.7
Trazendo a Arca,50,30.7
The Presidents Of The United States Of America,11,30.7
El Michels Affair,10,30.7
Beddy Rays,14,30.6
Bhimsen Joshi,10,30.6
Josimar y Su Yambú,11,30.5
Glass Animals,23,30.5
Henrik Janson,24,30.5
Catupecu Machu,13,30.5
Los Teen Tops,22,30.4
Zoe Wees,7,30.4
Riley Green,10,30.4
Kemuel,49,30.4
Joe Vasconcellos,10,30.4
Bryan & Katie Torwalt,12,30.3
Above & Beyond,12,30.3
Los Fredy´s,7,30.3
Celtic Woman,21,30.3
Hanumankind,6,30.3
Gloria,6,30.3
Rolf Zuckowski,41,30.3
Vanilla Beach,6,30.2
ThirumaLi,12,30.2
Juanafé,13,30.2
Fäaschtbänkler,31,30.1
K. S. Harisankar,21,30.1
Kyary Pamyu Pamyu,18,30.1
Lucky Daye,7,30.1
Deluxe,12,30.1
La Quinta Estacion,10,30.0
≠ME,17,30.0
Snoop Dogg;Wiz Khalifa;Bruno Mars,6,30.0
Avatar,7,30.0
Everclear,6,30.0
Cyclo,25,29.9
Gilberto Santa Rosa,31,29.9
Najim Arshad,19,29.9
Seiko Oomori,10,29.9
Killing Joke,10,29.9
Dear Seattle,13,29.9
Gost,9,29.9
Get Dead,9,29.9
=LOVE,33,29.8
Hermetica,46,29.8
Sync 3;Ericka Nascimento,9,29.8
Lynyrd Skynyrd,12,29.8
Royal Blood,20,29.8
Eikichi Yazawa,69,29.7
Rolf Zuckowski;Sasha;Oonagh,6,29.7
Disturbed,12,29.7
The Bridge City Sinners,9,29.7
Kyoko Koizumi,14,29.6
Miso Colt,9,29.6
Víctor Manuelle,25,29.6
Grupo Galé,8,29.6
Tiger Army,7,29.6
ChuChu TV,33,29.6
Daniel Chan,7,29.6
Halestorm,10,29.6
The Killers,11,29.6
Takehara Pistol,7,29.6
Joe Arroyo,15,29.5
David Bisbal,12,29.5
Maneli Jamal,10,29.5
Duman,8,29.5
Alex Ubago,12,29.4
25th Annual Putnam County Spelling Bee Original Cast,14,29.4
Mickey Taveras,10,29.4
Willie Gonzalez,13,29.4
Dream Evil,7,29.4
Cradle Of Filth,20,29.4
Rival Consoles,36,29.4
Calle 13,22,29.4
BaianaSystem,35,29.4
Nostalgique,8,29.3
Obie Hans,11,29.3
Luis Eduardo Aute,6,29.3
Los 4,6,29.3
The Palace Singers,6,29.3
Powerman 5000,11,29.3
The Red Pears,8,29.3
Ikke Hüftgold,7,29.3
Burna Boy,57,29.3
Patty Shukla,21,29.3
The Chemical Brothers,72,29.3
Crate Diggers,12,29.2
Oscar Hollis,11,29.2
Jéssica Augusto,11,29.2
DEVO,11,29.1
Die Flippers,17,29.1
X JAPAN,7,29.1
Upon A Burning Body,18,29.1
Skillibeng,9,29.1
The Devil Makes Three,17,29.1
really big mountains,6,29.0
Dusty Decks,35,29.0
Joi Casette,6,29.0
Tito Rojas,16,29.0
Selda Bağcan,7,29.0
Fantasy,11,29.0
Porfi Baloa,8,28.9
The Replacements,9,28.9
Manjari,13,28.9
Eulogy,7,28.9
Days N Daze,20,28.9
Willie Colón,6,28.8
NG Rezonance;PHD,7,28.7
FiNCH,6,28.7
Evil Activities,10,28.7
Our Lady Peace,9,28.7
Epica,15,28.7
Duke Dumont,7,28.7
Noisecream,9,28.7
NG Rezonance,31,28.6
Grinspoon,13,28.6
Thaikkudam Bridge,8,28.6
Callejon,7,28.6
Dimension,8,28.6
Wax Tailor,8,28.5
Simple Minds,15,28.5
Lazy Leopard,11,28.5
Salserin,6,28.5
Wasted Penguinz,6,28.5
Purples,21,28.5
The Monkees,13,28.5
Busy Signal,18,28.5
Maranatha! Kids,6,28.5
Twinkle Twinkle Little Rock Star,13,28.5
Connie Francis,10,28.4
Troglauer,10,28.4
The Crystal Method,15,28.4
B.B. King,8,28.4
Hanare Gumi,11,28.4
Glitzer Gischi,6,28.3
Deuter,22,28.3
Zanger Kafke,7,28.3
Protest The Hero,6,28.3
Metrik,7,28.3
Level 42,11,28.3
The Wailin' Jennys,12,28.3
Trampled by Turtles,39,28.3
FKA twigs,35,28.2
John Lindberg Trio,15,28.1
Zélia Duncan,7,28.1
WAAX,14,28.1
The Smith Street Band,26,28.1
Showtek,10,28.0
Novo Som,23,28.0
Luca Brasi,6,28.0
Andy Tallent,6,28.0
Sally Yeh,6,28.0
Suy Galvez,8,28.0
Grupo Niche,20,27.9
Debbie Doo,8,27.9
Black Uhuru,7,27.9
DEADLIFE,8,27.9
Old Crow Medicine Show,22,27.9
Los Prisioneros,42,27.9
Porta,19,27.8
DJ Robin;Schürze,8,27.8
U.D.O.,10,27.8
Jonas Lundqvist,17,27.8
Horace Andy,15,27.8
Frank Turner,22,27.8
Pepe Jara,7,27.7
Mercyful Fate,9,27.7
vibe academy,7,27.6
Swingin' Utters,12,27.6
Pist Idiots,7,27.6
Evil Darkness,7,27.6
Anne-Marie,14,27.6
Pickin' On Series;Iron Horse,11,27.6
Fountains Of Wayne,9,27.6
Kester,24,27.5
Los Tecolines,32,27.5
Prong,8,27.5
Steel Pulse,12,27.5
Dave Edmunds,8,27.5
Kitchen Dwellers,12,27.5
Ed Sheeran,13,27.4
ZONE,10,27.4
He Is Legend,7,27.4
Cuco Sánchez,40,27.4
Michelle,20,27.4
Toini & The Tomcats,44,27.3
Nick Lowe,7,27.3
DA PUMP,7,27.3
Yosi Horikawa,8,27.3
Los Tres Caballeros,12,27.3
Rodrigo Mozart,7,27.3
"nothing,nowhere.",8,27.3
Groundation,10,27.3
The Gladiators,6,27.3
Gangrena Gasosa,7,27.3
Transmetal,16,27.3
Ben Lukas Boysen,7,27.3
Harley Poe,6,27.3
Los Apus,26,27.2
Leonardo Holmes,6,27.2
Randy Newman,58,27.2
Wilson Piravom,8,27.1
Alejandro Sanz,12,27.1
Demarco,7,27.1
Anıl Piyancı,6,27.0
Sujatha,89,27.0
Combichrist,7,27.0
Frontliner,6,27.0
Party Animals,10,27.0
Israel Vibration,6,27.0
Alfred Heinrichs;Haexxa,6,27.0
Andy Lau,21,27.0
Wood & Wire,8,27.0
Morbid Angel,6,27.0
Tsunami Bomb,7,26.9
The 20 Belows,15,26.9
Street Academics,7,26.9
Steve Petrunak,7,26.9
Dúo Ayacucho,8,26.9
Hans Zimmer;Adam Lukas;James Everingham,9,26.9
a-ha,22,26.8
FEEST DJ MAARTEN,8,26.8
Danakil,10,26.8
Michael Wendler,9,26.8
Anna-Maria Zimmermann,6,26.8
Andrew Foy,12,26.8
Dwarves,6,26.7
Wolfgang Petry,16,26.7
Jorge Ben Jor,9,26.7
MAX,7,26.7
Carajo,65,26.7
The Other People Place,7,26.7
The Wood Brothers,21,26.7
Los Vaguens,10,26.6
Brian Crain,20,26.6
Chiodos,7,26.6
VNV Nation,34,26.6
Indochine,26,26.6
Fred V & Grafix,7,26.6
Andrea Bocelli,39,26.6
Fritz Kalkbrenner,11,26.5
詹雅雯,8,26.5
C.O.F.F.I.N,8,26.5
Julia Michaels,8,26.5
Grasshopper,6,26.5
Jinny Ng,6,26.5
Cesária Evora,14,26.4
Il Divo,18,26.4
King 810,9,26.4
K. G. Markose,13,26.4
Almafuerte,93,26.4
The Spits,7,26.4
Burgerkill,28,26.4
Urszula,6,26.3
Waterparks,12,26.3
Off With Their Heads,18,26.3
Josh Groban,25,26.3
Stick To Your Guns,7,26.3
Surra,16,26.3
"""Weird Al"" Yankovic",15,26.3
La Roux,6,26.3
frek!,6,26.2
Malon,38,26.2
Mark With a K,10,26.2
João Gilberto,17,26.2
The Grogans,9,26.2
Kyle Kinane,33,26.2
Codename Chinadoll,7,26.1
All Time Low,15,26.1
Riff,35,26.1
Hans Zimmer;Gavin Greenaway;The Lyndhurst Orchestra,7,26.1
At The Gates,7,26.1
Bodysnatcher,7,26.1
David Guetta;Bebe Rexha,7,26.1
Bassnectar,14,26.1
Town Mountain,11,26.1
BiSH,18,26.1
Sarah Brightman,8,26.0
The Falcon,6,26.0
Carlos Di Fulvio,6,26.0
Felipe Vilela,7,26.0
Petrus,6,26.0
Satyricon,7,26.0
Mansfield.TYA,7,25.9
Leftover Salmon,7,25.9
Greensky Bluegrass,55,25.9
Los Enanitos Verdes,13,25.9
Papa Dance,6,25.8
Mindi Dickstein;Jason Howland;'Little Women' Original Broadway Cast,13,25.8
Every Time I Die,12,25.8
William Luna,25,25.8
Dinosaur Jr.,17,25.8
Mushroomhead,19,25.8
Parham,11,25.8
Bert Kreischer,6,25.8
The Lil Smokies,10,25.8
Little Symphony,58,25.8
Squeeze,21,25.7
Orgy,7,25.7
Barry White,9,25.7
D.F.C.,7,25.7
Jorge Drexler,52,25.7
Jaska Mäkynen,9,25.6
The Reverend Horton Heat,7,25.6
Gersson Edinbaro,28,25.6
V8,16,25.6
Wildstylez,9,25.6
Dúo Hnos. Gaitán Castro,11,25.6
Sean Paul;Dua Lipa,9,25.6
End It,7,25.6
The Orb,7,25.6
Static-X,17,25.6
Jimmy Eat World,30,25.6
Eva Eastwood,6,25.5
Vision Video,6,25.5
Kanine,11,25.5
Grace Jones,6,25.5
DeadSquad,18,25.5
creamy;untrusted;11:11 Music Group,8,25.5
The Del McCoury Band,6,25.5
Mc_team,12,25.4
The Baseballs,22,25.4
The Queers,7,25.4
Heaven Shall Burn,7,25.4
Linn da Quebrada,20,25.4
Timo Maas,7,25.4
Vanna,7,25.3
Seiko Matsuda,78,25.3
Pop Will Eat Itself,7,25.3
Rata Blanca,59,25.3
Los Antiguos,18,25.3
Anime,6,25.3
Together Pangea,7,25.3
Shannon & The Clams,24,25.3
The Bar-Kays,6,25.3
Noxa,6,25.3
Katt Williams,9,25.3
Alison Krauss & Union Station,34,25.3
Bathory,7,25.3
[Alexandros],6,25.3
Ikebe Shakedown,12,25.3
The Budos Band,15,25.3
Los Amigos Invisibles,49,25.3
meadowzz,11,25.2
Jobii,49,25.2
KMFDM,14,25.2
Brennan Heart,12,25.2
Timo Räisänen,6,25.2
Hans Zimmer;Matt Dunkley;John Altman,6,25.2
Ron White,10,25.2
Blind Melon,9,25.2
Plastilina Mosh,38,25.2
sonolon,7,25.1
Nogizaka46,86,25.1
Hästpojken,9,25.1
Disciples,7,25.1
Blue Highway,8,25.1
Dillinger Four,6,25.0
The Lemonheads,35,25.0
Fejo,21,25.0
Centhron,7,25.0
Ricardo Iorio,31,25.0
Noisecontrollers,8,25.0
Terra ,8,25.0
Alan Menken;Disney,21,25.0
Tokyo Disneyland,8,25.0
Revenge The Fate,11,25.0
Rotting Christ,19,25.0
Kite,14,24.9
Serkan Kaya,14,24.9
Szeukers,8,24.9
Kristen Anderson-Lopez;Robert Lopez,12,24.9
Dopplereffekt,12,24.9
Étienne Daho,9,24.8
Nana Mouskouri,8,24.8
The Birthday Massacre,9,24.8
Pappo,13,24.8
Honky Tonk Hustlas,8,24.8
Broder Daniel,6,24.8
Chad Daniels,13,24.8
Brian Regan,14,24.8
Kevin Bloody Wilson,25,24.8
Alan Tam,16,24.8
Apollo 440,18,24.8
Balsam Range,20,24.8
Reiki Armonía,15,24.7
May of Sorrow,6,24.7
夜光性アミューズ,14,24.7
Sevendust,29,24.7
Dj Gizmo,6,24.7
36 Crazyfists,6,24.7
Roffe Ruff,24,24.7
Steget,6,24.7
Kraff Gad,15,24.7
Stephen Lynch,22,24.7
Ekin Cheng,15,24.7
The Infamous Stringdusters,27,24.7
Jubiläumscast Wien 2012,33,24.6
Stam1na,56,24.6
Screeching Weasel,19,24.6
Lawineboys,20,24.6
Slowgold,13,24.6
Everything But The Girl,35,24.6
Vipa Music;Kenyaman,9,24.6
Lloyd Cole and the Commotions,6,24.5
Dr. Blesson Memana,6,24.5
Alvaro Diaz;Rauw Alejandro,6,24.5
Matthias Reim,26,24.5
Becky Hill;Topic,6,24.5
Pink Sweat$,33,24.5
Hot Rize,8,24.5
The Po' Ramblin' Boys,6,24.5
Tony Allen,6,24.5
The Lawrence Arms,11,24.4
Tony O'Connor,35,24.4
(Hed) P.E.,17,24.4
Duo Retama,8,24.4
The Acacia Strain,27,24.4
Gideon,11,24.4
Tatiana,20,24.4
Elis Regina,8,24.4
Yonder Mountain String Band,27,24.4
Veronica Maggio,12,24.3
"Original (German) Cast of ""Tanz Der Vampire""",20,24.3
Sloppy Seconds,6,24.3
Georges Bizet;Angela Gheorghiu;Michel Plasson;Wolff;Orchestre National Du Capitole De Toulouse,11,24.3
Billo's,18,24.3
Keyakizaka46,61,24.3
Asspera,56,24.3
Antonio Bribiesca,8,24.3
The 69 Eyes,6,24.3
The Ghastly Ones,7,24.3
Anabantha,17,24.3
Frozen Soul,6,24.3
Stuart Thompson,6,24.3
Dan Cummins,16,24.3
Wolfgang Amadeus Mozart;Mao Fujita,7,24.3
Anita Mui,7,24.3
Propellerheads,12,24.3
Lucas Cervetti,12,24.2
Sadhu Kochu Kunju Upadesi,9,24.2
Crazy Ken Band,19,24.2
Chixdiggit!,6,24.2
HELLYEAH,9,24.2
Unleash The Archers,13,24.2
The .357 STring Band,6,24.2
Oliver Wallace,16,24.2
Germaine Franco,106,24.2
Kayee Tam,6,24.2
Keller & The Keels,6,24.2
The Avett Brothers,29,24.2
The Travelin' McCourys,6,24.2
Nathan Kawanishi,23,24.1
The Jayhawks,14,24.1
Perfume,30,24.1
Psychostick,22,24.1
Front Line Assembly,7,24.1
Lörihen,7,24.1
Horcas,30,24.1
Jebroer,7,24.1
Tommy Ryman,7,24.1
Michael Brook;Nusrat Fateh Ali Khan,7,24.1
The Human League,9,24.0
Laura Osnes,8,24.0
In Hearts Wake,7,24.0
ノースリーブス,6,24.0
A.N.I.M.A.L.;Chuck Jhonson and Juan Jose Burgos;Richard Kaplan,9,24.0
PartyfrieX,10,24.0
Haggus,6,24.0
Rudimental;Jess Glynne;Macklemore;Dan Caplen,6,24.0
Aretha Franklin,6,24.0
J.D. Crowe & The New South,7,24.0
aswekeepsearching,16,24.0
Faithless,25,23.9
Mike Oldfield,18,23.9
Claire Rosinkranz,14,23.9
Doro,8,23.9
Jeff Foxworthy,16,23.9
The Poets Of Rhythm,7,23.9
Stanton Lanier,8,23.8
Kavya Ajit,6,23.8
Front 242,12,23.8
Tren Loco,12,23.8
De La Tierra,9,23.8
2 Brothers On The 4th Floor,21,23.8
Finntroll,14,23.8
Donbor,6,23.8
Liquid Mind,9,23.8
Luisito Ayala Y La Puerto Rican Power,6,23.7
THE MODS,6,23.7
The Delta Bombers,6,23.7
Teenage Bottlerocket,25,23.7
The Dollyrots,7,23.7
Hoodoo Gurus,32,23.7
Jody Chiang,13,23.7
Tokyo Girls' Style,6,23.7
Gunz For Hire,7,23.7
Los Crudos,12,23.7
Kuana Torres Kahele,6,23.7
A.M.C,7,23.7
Larry The Cable Guy,11,23.7
Mitch Fatel,6,23.7
Dean Evenson,7,23.6
Robert Haig Coxon,14,23.6
David Arkenstone,7,23.6
Dan Gibson's Solitudes,88,23.6
George Dalaras,10,23.6
Jesse Rice,16,23.6
White Reaper,10,23.6
For Today,15,23.6
Steve Rannazzisi,7,23.6
Rachel Feinstein,7,23.6
Josh Sneed,7,23.6
Joss Stone,7,23.6
Tony Rice Unit,7,23.6
Bersuit Vergarabat,16,23.6
Jackie Mittoo,13,23.6
João Gordo,10,23.5
CKY,15,23.5
Lordi,19,23.5
Mastifal,11,23.5
Dj Mad Dog,8,23.5
Scooter,130,23.5
Zapp,6,23.5
Jonas Blue;William Singe,6,23.5
Iliza Shlesinger,12,23.5
Muck Sticky,6,23.5
李龍基,6,23.5
Groovie Ghoulies,9,23.4
Direct Hit!,7,23.4
Llewellyn,7,23.4
Clannad,17,23.4
Area 11,12,23.4
Unresolved,8,23.4
Promo,7,23.4
Rygin King,18,23.4
Andy Thorn,9,23.4
Pickin' On Series,11,23.4
Flatt & Scruggs,13,23.4
Olivier Abeille,7,23.3
Coti,16,23.3
Yellowcard,6,23.3
Elvis Costello & The Attractions,26,23.3
Louis Armstrong,14,23.3
Akina Nakamori,24,23.3
OConnor,31,23.3
Dj Promo,19,23.3
Culture Shock,6,23.3
Bazzi,28,23.3
Mike Epps,6,23.3
3FORCE,6,23.3
Deicide,8,23.3
Metá Metá,12,23.3
The Civil Wars,13,23.3
Imelda May,18,23.2
The Lillingtons,10,23.2
Ad Dios,6,23.2
Plan 4,19,23.2
Patton Oswalt,25,23.2
Billy Gardell,6,23.2
Mike Birbiglia,23,23.2
Kathleen Madigan,57,23.2
HORSKH,6,23.2
Lea Salonga,9,23.1
The New Pornographers,8,23.1
voXXclub,14,23.1
Collabro,16,23.1
Paul Cardall,34,23.1
Kidsounds,10,23.1
Viikate,7,23.1
Ewa Konstancja Bułhak,9,23.1
The Ghost Inside,9,23.1
Matt Braunger,7,23.1
Jerry Garcia Band;Jerry Garcia,11,23.1
Mastodon,10,23.1
Faithless;Rollo Armstrong;Sister Bliss,11,23.0
Roberto Goyeneche;Orquesta Tipica Porteña,9,23.0
Roberto Goyeneche,24,23.0
Dimension Latina,10,23.0
音樂磁場,6,23.0
The Smithereens,7,23.0
Maharajan,15,23.0
Otep,9,23.0
Susumu Yokota,26,23.0
Barilari,15,23.0
Ransom,6,23.0
The Coffinshakers,7,23.0
Ugly Valley Boys,7,23.0
Lykke Li;The Magician,6,23.0
Traitors,9,23.0
Popcaan,17,23.0
Rodney Carrington,11,23.0
Doc Watson,7,23.0
Ryuji Imaichi,18,22.9
Hildur Guðnadóttir,8,22.9
Olavi Virta,8,22.8
Old 97's,9,22.8
Joe Jackson,14,22.8
Ministry,21,22.8
Helker,9,22.8
Nosferatu,9,22.8
Govana,9,22.8
Ralphie May,13,22.8
Robert Schimmel,12,22.8
Dark Funeral,6,22.8
Manu Dibango,9,22.8
Celtic Thunder,12,22.7
Aine Minogue,6,22.7
Spiritbox,12,22.7
Priest,6,22.7
Faron Young,23,22.7
The Gathering,19,22.7
Within The Ruins,6,22.7
Masicka,6,22.7
Tommy Lee Sparta,7,22.7
Julio Sosa;Armando Pontier y su Orquesta,7,22.6
Giuseppe Verdi;Riccardo Muti;New Philharmonia Orchestra,18,22.6
Ann Sweeten,7,22.6
The Mission,8,22.6
Jim Florentine;Don Jamieson,9,22.6
Big Jay Oakerson,14,22.6
Rob Zombie,39,22.6
Afrocidade,9,22.6
The Manges,10,22.5
Masked Intruder,14,22.5
Filippa Giordano,8,22.5
Blaqk Audio,6,22.5
Jayke Orvis,6,22.5
New Model Army,42,22.5
Talking Heads,6,22.5
Dan + Shay,27,22.5
The Cramps,11,22.5
Hayseed Dixie,6,22.5
Nickel Creek,26,22.5
Darkthrone,14,22.5
Samuca e a Selva,18,22.5
The Bombpops,9,22.4
De Doelleazen,8,22.4
Lacrimosa,10,22.4
Netsky,11,22.4
Christopher Titus,19,22.4
William Onyeabor,10,22.4
Pepe Aguirre,9,22.3
AKB48,46,22.3
DJ Snake;Justin Bieber,6,22.3
Doc Watson;David Grisman,7,22.3
Gruzja,7,22.3
Orquestra Brasileira de Música Jamaicana,7,22.3
2002,6,22.2
Gomer Edwin Evans,13,22.2
The Kiddie Katz,6,22.2
Seikima-II,21,22.2
Barilari;Jens Johansson;Emppu Vuorinen;Sami Vänskä;Jukka Nevalainen,6,22.2
Chamin Madero,11,22.2
Vybz Kartel,106,22.2
Glenn Wool,6,22.2
Jeff Allen,9,22.2
Ralph Stanley,12,22.2
Will Ackerman,15,22.1
ONMYO-ZA,7,22.1
Punch Brothers,14,22.1
Avhath,8,22.1
Lalo Rodriguez,6,22.0
Helen Jane Long,8,22.0
Hank Williams;Drifting Cowboys,104,22.0
Aonikenk,6,22.0
Sonny Lim,7,22.0
Kenny Burrell,6,22.0
Moodymann,31,22.0
Chronic Law,42,22.0
Bruce Bruce,6,22.0
Watain,7,22.0
Entombed,8,22.0
Roots Manuva,19,21.9
Alfredo De Angelis;Oscar Larroca,8,21.9
Jorge Falcón,12,21.9
Tita Merello,11,21.9
Flower,32,21.9
Ill Niño,9,21.9
Jubël,9,21.9
Kotiteollisuus,20,21.9
Paul Elstak,16,21.9
Alexandre Desplat,18,21.9
The Agonist,10,21.9
Alkaline,20,21.9
Beenie Man,23,21.9
Kranium,8,21.9
Andy Hendrickson,8,21.9
David Cross,9,21.9
HANA,14,21.9
Julio Sosa,45,21.8
Peter Kater,6,21.8
George Winston,37,21.8
Die Apokalyptischen Reiter,11,21.8
Dune,6,21.8
Jürgen Drews,12,21.8
Paradise Lost,6,21.8
Intence,8,21.8
Selena Gomez,10,21.8
Fluke,20,21.8
Old & In The Way,6,21.8
Steep Canyon Rangers,6,21.8
Railroad Earth,6,21.8
Juan D'Arienzo;Alberto Echagüe,11,21.7
Delete,6,21.7
Jon Sarta,31,21.7
William So,6,21.7
Hypocrisy,29,21.7
A.N.I.M.A.L.;Mario Altamirano and A.N.I.M.A.L.,7,21.6
Brujeria,10,21.6
Wyatt Cenac,8,21.6
Lonesome River Band,10,21.6
Roberto Goyeneche;Baffa-Berlingieri y su Orquesta,6,21.5
John Archambault and David Plummer,8,21.5
E-girls,6,21.5
Philosophy no Dance,11,21.5
Tarja,6,21.5
SHIKI THEATRE COMPANY,20,21.5
Amorphis,6,21.5
Jah Vinci,12,21.5
Mavado,28,21.5
Rhod Gilbert,6,21.5
Louis Katz,6,21.5
Eisregen,14,21.5
Jamie Miller,16,21.4
The Drifters,14,21.4
BiS,20,21.4
Skinny Puppy,7,21.4
Maya Kristalinskaya,6,21.3
Celtic Thunder;Keith Harkin,6,21.3
Psyko Punkz,8,21.3
Critical Mass,8,21.3
Fields Of The Nephilim,6,21.3
"Joey ""CoCo"" Diaz",6,21.3
Andrew Norelli,6,21.3
Winds of Plague,13,21.3
Jungle Fire,6,21.3
Julio Sosa;Leopoldo Federico y su Orquesta,26,21.2
Saleem,13,21.2
Last Idol,12,21.2
PASSEPIED,25,21.2
Momoiro Clover Z,52,21.2
NMB48,37,21.2
Shiritsu Ebisu Chugaku,84,21.2
Swedish House Mafia;John Martin,9,21.2
George Lopez,13,21.2
D.L. Hughley,6,21.2
Martin Lawrence,10,21.2
Tom Papa,21,21.2
Belle,6,21.2
Mandrill,9,21.2
Phil Coulter,7,21.1
Mike Rowland,8,21.1
Dempagumi.Inc,27,21.1
Skindred,13,21.1
Sirenia,9,21.1
Dan + Shay;Justin Bieber,10,21.1
Enslaved,10,21.1
Faith No More,7,21.1
Carlos Gardel,91,21.0
Mr. Vegas,6,21.0
David Spade,6,21.0
Todd Glass,7,21.0
Edmundo Rivero,11,20.9
Choo Choo Soul,9,20.9
HKT48,7,20.9
Sayaka Yamamoto,9,20.9
Billboard Baby Lullabies,16,20.9
George Bruns,13,20.9
WowKidz,35,20.9
Siouxsie and the Banshees,18,20.9
KT Tunstall,11,20.9
ZUTOMAYO,6,20.8
Takeova,8,20.8
Keeno,6,20.8
Ryan Sickler,6,20.8
Therion,18,20.8
Bacao Rhythm & Steel Band,9,20.8
La Misa Negra,6,20.8
Nicola Conte,7,20.7
Rhumba,6,20.7
Korsakoff,14,20.7
Soulfly,10,20.7
His Hero Is Gone,13,20.7
Astor Piazzolla,20,20.6
Diana Ross,7,20.6
Danny Chan,8,20.6
Toxic Holocaust,18,20.6
Sarcófago,9,20.6
Jor'dan Armstrong,19,20.6
Morbo y Mambo,7,20.6
Cibo Matto,8,20.5
Eddie Santiago,29,20.5
Jon Schmidt,6,20.5
Bounty Killer,13,20.5
Tim Toupet,11,20.5
Frankie Knuckles,11,20.5
Imperialist,8,20.5
Romperayo,6,20.5
Eladia Blazquez,7,20.4
Roberto Goyeneche;Atilio Stampone y su Orquesta Tipica,13,20.4
Malena Muyala,7,20.4
Jax,25,20.4
Andreas Gabalier,35,20.4
STU48,11,20.4
Daddy Yankee,34,20.4
Technikore,7,20.4
Galantis,7,20.4
DGHTR,12,20.3
hope mona,16,20.3
Ernest Tubb,25,20.3
Charly Lownoise & Mental Theo,17,20.3
Wilkinson,6,20.3
The Harp and the Piano,7,20.3
Kyle Edwards;DJ Smallz 732,7,20.3
Andy Hui,11,20.3
Aversions Crown,7,20.3
Newen Afrobeat,13,20.3
Damien Rice,6,20.2
Little Piano Player,9,20.2
Gary Gulman,11,20.2
Nina Simone,17,20.2
Truchło Strzygi,11,20.2
Aníbal Troilo Y Su Orquesta Típica;Roberto Goyeneche,8,20.1
Mia Julia,17,20.1
Logistics,9,20.1
Demi Lovato,8,20.1
Leon Lai,17,20.1
Ella Fitzgerald;Louis Armstrong,15,20.1
Matt Large,54,20.0
George Skaroulis,7,20.0
Sakurako Ohara,19,20.0
Portrayal of Guilt,7,20.0
De-Phazz,13,19.9
3 Steps Ahead,7,19.9
Kvelertak,13,19.9
Sexteto Mayor,6,19.8
Cattle Decapitation,23,19.8
Hans Zimmer;Richard Harvey,9,19.8
High Contrast,8,19.8
David Ogden Stiers;Chie Nagatani;Nina Flyer,6,19.8
Aaron Kwok,8,19.8
Sless Praismo,6,19.7
Ana Torroja,6,19.7
Shapeshifter,14,19.7
Dora The Explorer,53,19.7
Devil Master,10,19.7
KALEO,11,19.7
La Chicana,8,19.6
Michael Ball;Alfie Boe,11,19.6
David Healer,7,19.6
Moonspell,17,19.6
DJ Isaac,11,19.5
Alfredo De Angelis;Juan Carlos Godoy,7,19.4
Hugo Del Carril,7,19.4
SILENT SIREN,12,19.4
Wasuta,8,19.4
Tango Bardo,8,19.3
Alfredo De Angelis,6,19.3
Rexanthony,6,19.3
The Sleep Diaries,19,19.3
Elephant Man,14,19.3
Bucovina,10,19.3
Orgone,6,19.3
wavcrush,20,19.2
The Platters,22,19.2
Il Volo,36,19.2
Masters of Ceremony,6,19.2
Samael,25,19.2
Roberto Goyeneche;Orquesta Típica Porteña,7,19.1
Adriana Varela,32,19.1
Serph,7,19.1
Neophyte,13,19.1
Lucio Demare;Raúl Berón,6,19.0
Re-Style,6,19.0
Chaka Khan,7,19.0
Pink Sweat$;6LACK,6,19.0
Deekline;Specimen A,7,19.0
Sólstafir,9,19.0
LIK,12,19.0
Die Draufgänger,20,18.9
Owl City,11,18.9
Plaid,28,18.9
Cameron's Bedtime Classics,44,18.9
Audio Bullys,19,18.9
Orbital,39,18.9
Midnight,14,18.9
Sexteto Milonguero,6,18.8
Beat Oven,35,18.8
Sebastian Yatra,9,18.8
Marco Carola,12,18.8
Lusine,8,18.8
Hans Zimmer;Lisa Gerrard;Gavin Greenaway;The Lyndhurst Orchestra,11,18.8
Bladerunner,6,18.8
Lorenz Büffel,9,18.8
Avicii,25,18.8
Lorne Balfe,59,18.7
The Future Sound Of London,11,18.7
Drumsound & Bassline Smith,7,18.6
Månegarm,17,18.6
Juan D'Arienzo y su Orquesta Típica,6,18.5
Libertad Lamarque,8,18.5
Justnormal,59,18.5
Surfaces,15,18.5
Eddie Neblett,6,18.5
Carlos Lombardi;Los Românticos De La Noche,17,18.4
Camo & Krooked,7,18.4
Neon Trees,8,18.4
Orquesta Color Tango De Roberto Alvarez,7,18.3
DJ Ötzi,23,18.3
Don McLean,8,18.3
Teejay,8,18.3
Wolves In The Throne Room,12,18.3
Juan D'Arienzo,14,18.2
Sara Kays,17,18.2
Telefon Tel Aviv,9,18.2
Seekae,10,18.2
Yeah Yeah Yeahs;A-Trak,6,18.2
Smartface,19,18.1
Tha Playah,8,18.1
Khold,8,18.1
Erasure,6,18.0
Berlin Minimal,6,18.0
Manes,6,18.0
Old Man's Child,8,18.0
Bishop Briggs,11,18.0
Timothy Infinite,62,17.9
John Legend,23,17.9
Oscar D'León,15,17.9
Floyd Cramer,36,17.9
The Head And The Heart,7,17.9
Cybotron,7,17.9
Creedence Clearwater Revival,14,17.9
Bella Poarch,16,17.9
"Sarah, the Illstrumentalist",86,17.8
DJ Ruffneck;SPLT SCND,9,17.8
Windir,9,17.8
Julieta Laso,7,17.7
Ignacio Corsini,10,17.7
Aníbal Troilo,6,17.7
Julian Sommer,6,17.7
Murderdolls,7,17.7
Wednesday 13,9,17.7
Topic;A7S,9,17.7
Primordial,10,17.7
Tony Matterhorn,7,17.6
Marshmello;Bastille,11,17.6
Anaal Nathrakh,20,17.6
Evanescence,13,17.6
Hans Zimmer;Henning Lohner;Martin Tillman;Fiachra Trench,8,17.5
Carcass,35,17.5
Tiwa Savage,6,17.5
Marduk,8,17.5
Osvaldo Pugliese,17,17.4
Rufus Wainwright,7,17.4
Disfear,14,17.4
S.P.Y,7,17.4
Romántica Milonguera,10,17.3
Cupid,24,17.3
Yemi Alade,6,17.3
Dub Pistols,8,17.3
Inquisition,12,17.3
Kyson,31,17.3
Valentina Ponomaryova,6,17.2
James Hand,9,17.2
DJ Smallz 732;Kyle Edwards,6,17.2
DJ Fixx,10,17.2
White Zombie,13,17.2
Koo Koo Kanga Roo,67,17.1
Tritonal,9,17.1
Nu:Tone,7,17.1
Peter Wackel,15,17.1
FKA twigs;The Weeknd,9,17.1
Paul Anka;Odia Coates,6,17.0
Dither,16,17.0
Charlie Walker,8,17.0
Despise You,13,17.0
Montez,7,17.0
Tantrum Desire,7,17.0
Robert Owens,6,17.0
Deströyer 666,6,17.0
Solo Tango Orquesta,7,16.9
Jim Brickman,59,16.9
Kids Rock Kidz,7,16.9
Weekend Nachos,20,16.9
That Girl Lay Lay,13,16.8
Autechre,24,16.8
Lefty Frizzell,26,16.8
Galaxy 2 Galaxy,6,16.8
Antonio José,7,16.7
Bentley Rhythm Ace,6,16.7
Stanton Warriors,13,16.7
George Jones,260,16.6
Girl Pusher,10,16.6
Fitz and The Tantrums,8,16.6
LFO,16,16.5
Ray Price,63,16.4
Kidz Bop Kids,54,16.4
Hybrid,19,16.4
Frankie Valli & The Four Seasons,8,16.3
Arovane,6,16.3
Man Is The Bastard,7,16.3
Lenzman,7,16.3
Pola & Bryson,8,16.3
Ricardo Tanturi;Enrique Campos,6,16.2
Autopsy,10,16.2
Rick James,9,16.1
Eddie Noack,13,16.0
Webb Pierce,11,16.0
Wormrot,6,16.0
Celia Cruz,8,15.9
Two Lone Swordsmen,13,15.9
Hatred Surge,9,15.9
Donna Summer,12,15.9
Roni Size;Reprazent,11,15.9
Valery Obodzinsky,10,15.8
Babyboomboom,26,15.8
Full Of Hell,25,15.8
AFI,9,15.8
MIKTEK,9,15.7
Carl Smith,15,15.7
Taproot,6,15.7
Andrew Gold,21,15.6
Tobee,14,15.5
Daniela Rathana,7,15.4
The Dirt Drifters,8,15.4
Insult,9,15.4
Cripple Bastards,7,15.4
Juan Atkins;Moritz Von Oswald,9,15.4
GAYLE,33,15.4
Feid,45,15.3
alva noto;Ryuichi Sakamoto,17,15.3
George Jones;Tammy Wynette,36,15.3
Capitalist Casualties,9,15.3
Plastikman;Richie Hawtin,21,15.3
Tinariwen,11,15.3
Los Bunkers,6,15.3
Tito Nieves,16,15.2
Desmond Dennis,35,15.2
Casino Versus Japan,30,15.2
Mortician,36,15.2
Carly Rae Jepsen,10,15.2
Roni Size,10,15.2
Bogdan Raczynski,20,15.1
Vermin Womb,8,15.1
Larry Heard,23,15.1
Cafuné,11,15.0
Shaver;Billy Joe Shaver,7,15.0
Aborted,8,15.0
Magrudergrind,11,15.0
Deterioration,11,15.0
Fluoride,6,15.0
Aromal Chekaver,7,14.9
Secret Agent 23 Skidoo,8,14.9
Fernando Corona,9,14.9
Stonewall Jackson,19,14.9
Nockis,7,14.9
Little Apple Band,18,14.8
Archagathus,11,14.8
Manger Cadavre?,13,14.8
Impetigo,19,14.8
The Red Chord,16,14.8
Mark Farina,20,14.8
Andy Montañez,11,14.7
Vladimir Troshin,10,14.7
Nelly Furtado,11,14.7
Ernest Tubb;Loretta Lynn,6,14.7
Pete Bernhard,23,14.7
Trap Them,21,14.7
Freestylers,27,14.7
Jack Hartmann,44,14.6
Luke Abbott,8,14.6
Sore Throat,6,14.5
Mr. Fingers,42,14.5
Datassette,14,14.4
Flesh Parade,7,14.4
Iron Lung,14,14.4
Sex Prisoner,23,14.4
Napalm Death,87,14.4
Rei Harakami,27,14.3
Gorerotted,6,14.3
Exhumed,15,14.3
Couple Skate,12,14.3
Soilent Green,12,14.3
Wolfgang Amadeus Mozart;Academy of St. Martin in the Fields;Sir Neville Marriner,18,14.3
Felix Da Housecat,26,14.3
Sonu Nigam,12,14.2
Brings,39,14.2
Memphis May Fire,6,14.2
Jhayco;J Balvin;Bad Bunny,6,14.2
Stumbleine,11,14.2
Terrorizer,13,14.2
Killermichel,6,14.2
The Tony Danza Tapdance Extravaganza,14,14.1
Micha von der Rampe,14,14.0
Anal Cunt,12,14.0
No/Más,11,14.0
DJ Baby Anne,9,14.0
Miss Melodee,7,13.9
Hip Hop Harry,11,13.9
Mouse On Mars,10,13.9
Agoraphobic Nosebleed,9,13.9
Milking the Goatmachine,11,13.9
Internal Rot,14,13.9
disrupt,32,13.9
Sofía Reyes;Jason Derulo;De La Ghetto,11,13.9
Kenny Rogers,10,13.9
Luke Vibert,26,13.8
Wisin & Yandel;Chris Brown;T-Pain,6,13.8
Ralphi Rosario,15,13.8
Elena Kamburova,18,13.7
Big Mucci,7,13.7
Railbenders,15,13.7
Fuck On the Beach,6,13.7
Miasmatic Necrosis,13,13.7
Idina Menzel,17,13.6
Winifred Atwell,7,13.6
Pig Destroyer,31,13.6
Bryan Adams,55,13.5
salem ilese,32,13.5
Hank Williams,136,13.5
P.L.F.,6,13.5
Tiësto;Ava Max,11,13.5
Wolfgang Amadeus Mozart;Heinz Holliger;Hermann Baumann;Michel Gasciarrino;Henk Guldemond;Orlando Quartet,6,13.5
Ed Solo;Deekline,17,13.5
Grey Skye Evans,8,13.4
Discordance Axis,16,13.4
Jay Daniel,8,13.4
Joe Smooth,11,13.4
Deekline,7,13.4
Basho & Friends,10,13.3
KD Da Kid,12,13.3
Joel Corry;MNEK,6,13.3
The Breakfastaz,7,13.3
Plump DJs,12,13.3
Aphrodite,8,13.3
Ceephax Acid Crew,17,13.2
Ochre,26,13.2
Ty Dolla $ign;Post Malone,6,13.2
Luke Bryan,6,13.2
Phuture,13,13.2
DJ Icey,13,13.2
Yasser Desai,8,13.1
Die jungen Zillertaler,9,13.1
J Balvin;Bad Bunny,14,13.1
Melorman,16,13.1
Frankie Ruiz,22,13.0
Pj Panda,23,13.0
Phobia,6,13.0
Extreme Noise Terror,9,13.0
That Girl Lay Lay;Tha Slay Gang,10,12.9
The Walters,7,12.9
Amb,7,12.9
Anitta,13,12.8
Bebe Rexha,6,12.7
Alinka,6,12.7
Andrés Calamaro,7,12.7
Zoé,7,12.7
Christopher Zondaflex Tyler,34,12.6
The Jamborees,18,12.6
Mokhov,18,12.6
George Jones;The Jordanaires,7,12.6
Larry Heard;Loosefingers,7,12.6
Mike Dunn,16,12.6
Höhner,42,12.5
Laurent Garnier,6,12.5
Last Days Of Humanity,15,12.5
Inner City,56,12.4
Frankie Goes To Hollywood,11,12.3
The Beach Boys,104,12.3
Rik Gaynor,19,12.3
Kettel,11,12.3
Top of the Bus,13,12.2
Antigama,11,12.2
Cliff Richard,8,12.1
Lola Indigo;Maria Becerra,7,12.1
The Rare Occasions,7,12.1
Regurgitate,7,12.1
Mickie Krause,43,12.1
Paul Johnson,48,12.1
Chuck Berry,54,12.1
The Black Dog,13,12.0
Plone,7,12.0
Ivan Rebroff,40,11.9
J Balvin;Maria Becerra,14,11.9
Mini Pop Kids,56,11.9
alva noto,14,11.9
Ilkae,12,11.9
Bola,7,11.9
Daddy Yankee;Bad Bunny,16,11.9
Nasum,15,11.9
Boston Soundlabs,6,11.8
Pj Panda;ML3V LLC,12,11.8
B12,8,11.8
Proem,6,11.8
Mrs Mills,8,11.8
Drexciya,53,11.8
22Gz,6,11.7
Mark D. Pencil,12,11.7
Polish Club,11,11.7
Krafty Kuts,7,11.7
Have Fun Teaching,15,11.6
Gadget,7,11.6
Colombo,13,11.6
Catie Turner,11,11.5
The Police,8,11.5
arai tasuku,37,11.5
Burna Boy;Wizkid,6,11.5
Tony Vega,13,11.4
Wolfgang Amadeus Mozart;Danielle Laval,73,11.4
Mr. Lee,7,11.4
Nature Sounds,35,11.3
Moonbootica,6,11.3
Calibre,8,11.3
Blake Rules;Netherfriends,52,11.2
Kelpe,12,11.2
GAYLE;The Wild,6,11.2
J Balvin,28,11.1
Surf Mesa;Emilee,7,11.1
Scan 7,8,11.1
Lomoplay,6,11.0
J Balvin;Bad Bunny;Marciano Cantero,9,11.0
Still Woozy,7,11.0
Monolake,7,11.0
Ivan Rebroff;Balalaika-Ensemble Troika,9,10.9
Ali Farka Touré;Toumani Diabaté,8,10.9
Chris Jedi;Anuel AA;Chencho Corleone;Ñengo Flow,9,10.8
Fast Eddie,21,10.8
Oingo Boingo,18,10.7
Porya Hatami,19,10.7
Cybass,6,10.7
Juan Atkins,9,10.7
Carl Craig,27,10.7
Ocoeur,17,10.6
Jeff Mills,27,10.6
Mark Farina;Homero Espinosa,10,10.6
Igor Talkov,26,10.5
Derrick May,13,10.5
Seth Troxler,13,10.5
Terrence Parker,32,10.4
Jason Derulo,16,10.4
Helen Sjöholm,7,10.3
Blake Baxter,8,10.3
Robin Schulz;Tom Walker,7,10.3
Fingers Inc.,8,10.3
Ten City,36,10.3
Wolfgang Amadeus Mozart;Arthur Grumiaux;Walter Klien,17,10.2
KAROL G;Mariah Angeliq,8,10.1
K-Hand,15,10.1
Little Big Town,7,10.1
Poop Emoji,23,10.0
Jovonn,12,10.0
Robert Hood,54,10.0
ONYVAA,11,9.9
Glenn Underground,37,9.9
Omar S,53,9.8
"Farley ""Jackmaster"" Funk",10,9.8
Nessa Barrett,23,9.7
Wolfgang Amadeus Mozart;Erik Smith,6,9.7
Kenny Larkin,19,9.7
Roy Davis Jr.,15,9.7
The Cardigans,8,9.6
Rashid Beibutov,27,9.6
Styx,7,9.6
Apache Indian,21,9.6
James Hype;Miggy Dela Rosa,10,9.6
Ava Max,35,9.6
Pal Joey,17,9.5
Cooltime Kids,43,9.4
Four Tops,8,9.4
Theo Parrish,39,9.4
Alessia Cara,38,9.4
Alphaxone;Onasander;protoU,8,9.3
Skurken,8,9.3
Tineidae,12,9.3
Foy Vance,6,9.3
Anenon,10,9.2
Tom Petty,9,9.2
Project AER;v i v,19,9.2
KAROL G;Maldy,14,9.1
Underground Resistance,21,9.1
Coldplay,12,9.0
Carrie Underwood,9,9.0
Wolfgang Amadeus Mozart;Wiener Mozart Ensemble;Willi Boskovsky,26,9.0
Alphaxone,78,8.9
Delano Smith,16,8.9
Alphaxone;Dronny Darko,8,8.8
Maisie Peters,16,8.8
Jack Harlow;Drake,9,8.8
ILLENIUM;Teddy Swims,8,8.8
Armando,17,8.8
Ron Trent,29,8.8
Psyche/BFC,7,8.7
LOVA,7,8.6
Justin Quiles;Robin Schulz,9,8.6
Tiësto;Charli XCX,18,8.6
James Blunt,10,8.5
Alphaxone;protoU,11,8.5
J.M. Silk,6,8.5
The Prophet,78,8.4
Oliver Tree,13,8.4
Smash Mouth,10,8.4
Alphaxone;XERXES THE DARK,9,8.3
Christina Perri,10,8.3
Royal & the Serpent,9,8.3
Octave One,27,8.2
Kevin Saunderson;e-Dancer,11,8.1
Model 500,22,8.1
DJ Sneak,10,8.1
Romanthony,7,8.1
Max Richter;Daniel Hope;Konzerthaus Kammerorchester Berlin;Andre de Ridder,8,8.1
KAROL G,35,8.0
Jomanda,7,8.0
Ina Colada,7,7.9
Aaron Carl,10,7.9
Omah Lay;Justin Bieber,17,7.9
George Strait,9,7.9
Bad Boy Bill,13,7.9
Brandi Carlile;Lucius,8,7.9
Sheryl Crow,9,7.7
Crows in the Rain,28,7.7
Echosmith,10,7.7
Rhythim Is Rhythim;Derrick May;Mayday,6,7.7
Surgeon,38,7.7
Orlando Voorn,11,7.7
Bailey Zimmerman,29,7.7
DJ Skull,6,7.7
Aril Brikha,31,7.6
Sam Smith,36,7.5
Solomon Burke,9,7.4
No Doubt,11,7.4
Panic! At The Disco,27,7.3
Alejo;Feid;ROBI,12,7.3
Anuel AA;KAROL G,12,7.3
Robin Schulz;David Guetta,11,7.3
Kvatro,19,7.2
Death Cab for Cutie,9,7.2
ONYVAA;Mattia Trani,6,7.2
Zhanna Bichevskaya,16,7.1
Inner City;Steffanie Christi'an,8,7.1
Avery Anna,9,7.1
Zach Bryan,29,7.1
The Party Cats,29,7.0
Hunter Hayes,8,7.0
Kacey Musgraves,20,7.0
Katy Perry,37,6.9
Limahl,18,6.8
The Goo Goo Dolls,14,6.7
Gabby Barrett,22,6.7
Jack Harlow,49,6.6
Kevin Saunderson,8,6.6
Clean Bandit;A7S,11,6.5
David Guetta;Becky Hill;Ella Henderson,14,6.5
Kristin Chenoweth,7,6.4
Alexander Vertinsky,19,6.4
Jaymes Young,14,6.3
Michael Ball,7,6.3
Siavash Amini;Eugene Thacker,7,6.3
Wolfgang Amadeus Mozart;Ingrid Haebler;London Symphony Orchestra;Witold Rowicki,6,6.3
Bastille,13,6.2
Cody Johnson,21,6.2
Blind Faith,9,6.2
Anitta;Missy Elliott,12,6.1
Mabel,24,6.1
Burna Boy;Ed Sheeran,14,6.1
Andrea Bocelli;Matteo Bocelli;Virginia Bocelli,14,5.9
Jhayco;Anuel AA,14,5.9
Omar Apollo,18,5.8
Amy Macdonald,13,5.8
Николай Рыбников,6,5.8
Aux 88,9,5.8
The Countdown Kids,34,5.8
Winona Oak,10,5.7
Los Rodriguez,6,5.7
Alvaro Diaz,7,5.6
NEIKED;Anne-Marie;Latto,13,5.6
Johann Sebastian Bach;Hagen Quartett,8,5.6
twocolors,14,5.4
Florence + The Machine,14,5.4
Mon Laferte,9,5.3
Justin Bieber,57,5.2
Faith Hill,13,5.2
Madeline The Person,14,5.1
Annie Lennox,14,5.1
Jhayco;Bad Bunny,17,5.1
Hugh Masekela,14,5.1
Cole Swindell,17,5.0
The Cranberries,18,4.9
Norah Jones,75,4.9
Lianne La Havas,12,4.9
Don Omar,29,4.8
VeggieTales,6,4.8
Jill Johnson,7,4.7
Brenda Lee,80,4.7
Confess,33,4.7
The Laurie Berkner Band,14,4.6
Otis Redding,18,4.3
Bruno Mars;Anderson .Paak;Silk Sonic,30,4.1
Saba Alizadeh,8,3.9
Misfits,10,3.9
Tatiana and Sergey Nikitin,11,3.8
Ingrid Andress,20,3.6
The Temptations,23,3.5
Tubeway Army,17,3.4
The Supremes,22,3.4
Nathan Dawe;Ella Henderson,26,3.3
Kevin Roldan,14,3.1
Out of Nowhere,8,3.0
Padra,6,3.0
Wolfgang Amadeus Mozart;Ingrid Haebler,9,2.9
Lizzo,40,2.8
Brett Eldredge,23,2.8
Farzad Golpayegani,32,2.6
Kim Petras,11,2.5
Dean Martin,110,2.4
Kahtmayan,12,2.1
Lana Del Rey,14,2.0
White Noise for Babies,38,1.7
XERXES THE DARK,7,1.6
Ivan Kozlovsky,8,1.4
Nat King Cole,102,1.4
From The Vastland,19,1.4
Ne-Yo,7,1.4
Lady Gaga,41,1.4
Александр Добронравов,13,1.3
"Группа ""Загадка""",40,1.3
Siavash Amini,13,1.2
The Jackson 5,77,1.1
Fleetwood Mac,7,1.0
Baaroot,7,1.0
Swattrex;YOUNG AND BROKE;Lofi By Swattrex,7,1.0
Stevie Wonder,86,1.0
Black Eyed Peas,10,1.0
David Guetta;MistaJam;John Newman,6,1.0
Ella Fitzgerald,111,1.0
Oleg Pogudin,75,0.9
Morat,8,0.9
Wisin & Yandel,15,0.9
Justin Bieber;Usher,8,0.8
Cami,6,0.8
Alvaro Soler,6,0.8
Trivax,9,0.8
Kodak Black,24,0.8
Becky Hill;Joel Corry,9,0.8
Ñejo & Dalmata,6,0.7
Electroqute,16,0.7
Foals,9,0.7
Blake Shelton,16,0.7
Gelena Velikanova,13,0.6
Vadim Kozin,57,0.6
Joey Montana;Sebastian Yatra,7,0.6
Danna Paola,12,0.6
AMONGST THE ASHES,10,0.6
Saeed Dehghan,7,0.6
Anton Ishutin,10,0.6
Charli XCX,9,0.6
Joel Corry;Mabel,7,0.6
Megan Thee Stallion;Future,9,0.6
Tyler Braden,7,0.6
Tim McGraw,7,0.6
Sergei Lemeshev,45,0.5
Nikolai Erdenko,21,0.5
Lenny Kravitz,10,0.5
Ed Sheeran;Lil Baby,8,0.5
Алёша Димитриевич,8,0.4
Rod Stewart,11,0.4
Jhayco,16,0.4
Tegh,8,0.4
Idlefon,14,0.4
Rojin Sharafi,22,0.4
Cesare Cremonini,9,0.4
Charlie Puth;Jung Kook,15,0.4
BRELAND;Lady A,7,0.4
Yuri Morfessi,12,0.3
Juanes,12,0.3
Gunna;Future;Young Thug,7,0.3
Jason Derulo;Kodak Black,16,0.3
Snoh Aalegra,6,0.3
Counting Crows,12,0.3
Nikolay Erdenko,13,0.2
Nikolay Kopylov,44,0.2
Kevin Roldan;Bryant Myers;Lyanno,6,0.2
Shivered,6,0.2
Alireza Mashayekhi,13,0.2
Martin Shamoonpour,12,0.2
Ixuol,9,0.2
James Brown,16,0.2
Mercedes Sosa,6,0.2
Kacey Musgraves;Camila Cabello,13,0.2
Volbeat,6,0.2
Владимир Бунчиков,17,0.1
Rod Stewart;Michael Bublé,11,0.1
Guaynaa,8,0.1
22Gz;Kodak Black,9,0.1
Mariah Angeliq;Guaynaa,7,0.1
Living Room,10,0.1
Louis Armstrong;The Commanders,13,0.1
Jamie Cullum,30,0.1
Ata Ebtekar,7,0.1
Integral Rigor,10,0.1
Alireza Mashayekhi;Ata Ebtekar;The Iranian Orchestra For New Music,9,0.1
Azhirock,12,0.1
Angband,16,0.1
Spuntic,35,0.1
Jaleh Negari,10,0.1
Beshenitar,9,0.1
Randall King,10,0.1
Chris Janson,12,0.1
Robert Schumann;Pavel Nersessian,26,0.1
Pyotr Ilyich Tchaikovsky;Berliner Philharmoniker;Mstislav Rostropovich,7,0.1
Johann Sebastian Bach;Boston Pops Orchestra;Arthur Fiedler,9,0.1
Chris Rea,7,0.1
Holly Humberstone,11,0.1
Carola,10,0.0
Percy Sledge,9,0.0
The Staple Singers,9,0.0
Olivia Dean,8,0.0
dvsn,6,0.0
Aloe Blacc,6,0.0
Mary J. Blige,6,0.0
Baby Lullaby,6,0.0
Meditation Rain Sounds;Massage Tribe;Perfect Meditation;Relaxing Water Sounds,10,0.0
Traditional;London Philharmonic Orchestra;The London Philharmonic Chorus,11,0.0
Traditional;Royal Philharmonic Orchestra,8,0.0
Traditional;Les Chanteurs de la Vierge,9,0.0
Traditional;Cappella Musicale di Santa Maria in Campitelli di Roma;Vincenzo Di Betta,14,0.0
Traditional;Richard Benson and His Orchestra,8,0.0
Traditional;Christoph Israel;Swonderful Orchestra;Catherine Larsen-Maguire,6,0.0
Yuri Buenaventura,7,0.0
Fresco Trey;Einer Bankz,7,0.0
Vladimir Nechaev;Владимир Бунчиков,8,0.0
Сергей Зыков,15,0.0
Сергей Захаров,7,0.0
Nikolay Nikitskiy,8,0.0
Izabella Jur'eva,7,0.0
"Nikolai Erdenko;Ансамбль ""Джанг""",18,0.0
Vladimir Nechaev,22,0.0
Валерий Агафонов,12,0.0
Alfredo Kraus;Symphony Orchestra of Madrid;Kurt Sanderling,8,0.0
Mariah Angeliq,21,0.0
Sammy Davis Jr.,8,0.0
Mel Tormé,8,0.0
Nat King Cole Trio,14,0.0
Vince Guaraldi Trio,28,0.0
Peggy Lee,44,0.0
Tony Bennett;Lady Gaga,14,0.0
Nat King Cole;John Legend,14,0.0
Jack Jones,8,0.0
Gregory Porter,7,0.0
Eternal Griefs,6,0.0
Sabke Morde,6,0.0
Alireza Mashayekhi;Marie-Thérèse Grisenti;Marc Vitantonio;Duo Grisenti Vitantonio,8,0.0
Atria,8,0.0
Asef Akbari,7,0.0
Garhelenth,11,0.0
Kiawasch Sahebnassagh;Amirhosein Allah Yari,7,0.0
Alireza Mashayekhi;Djamchid Chemirani;Keyvan Chemirani,7,0.0
Ekwon,10,0.0
Siavash Amini;Hessam Ohadi;Nima Pourkarimi,8,0.0
Alireza Mashayekhi;Layla Ramezan,7,0.0
Tension Prophecy,8,0.0
Kiawasch Sahebnassagh,22,0.0
Alireza Mashayekhi;National Symphony Orchestra of Ukraine;Vladimir Sirenko,11,0.0
Deathtune,10,0.0
Chaos Descent,14,0.0
Najand,33,0.0
Leila Bela,23,0.0
ArtSaves,8,0.0
War Angel,13,0.0
Hayley Kiyoko,14,0.0
Sarah Connor,28,0.0
Smokey Robinson & The Miracles,10,0.0
Marvin Gaye,9,0.0
Andrew Bird,9,0.0
Pretenders,7,0.0
Tom Petty and the Heartbreakers,17,0.0
The Ready Set,7,0.0
Chino & Nacho,6,0.0
Kylie Minogue,7,0.0
Charli XCX;Rina Sawayama,15,0.0
Years & Years,6,0.0
Allessa,7,0.0
Wiz Khalifa,10,0.0
High Valley,7,0.0
RaeLynn,8,0.0
Morgan Evans,9,0.0
Ashley McBryde,7,0.0
Michael Ray,16,0.0
Devin Dawson,9,0.0
Ian Munsick,9,0.0
Travis Tritt,6,0.0
Kacey Musgraves;Leon Bridges,11,0.0
Kacey Musgraves;Lana Del Rey,13,0.0
Kenny Chesney,13,0.0
Giuseppe Verdi;Vincenzo Ciliberti,11,0.0
George Frideric Handel;The English Concert;Trevor Pinnock;The English Concert Choir,6,0.0
Edvard Grieg;Una Bourne,9,0.0
Alvin & The Chipmunks;David Seville,12,0.0
Eric Burdon,11,0.0
Amadou & Mariam,7,0.0
Mahalia,9,0.0
Sturgill Simpson,6,0.0
Eels,7,0.0
The Killers;Ryan Pardey,6,0.0
